,price
0,597881.5017486662
1,625072.4154845923
2,346458.85491639376
3,322697.14804667234
4,559988.4224425703
5,608059.7596192211
6,76889.76218868792
7,346933.7893271148
8,473291.25909644365
9,224829.98265245557
10,954790.6381813586
11,460468.3392869085
12,602915.402453199
13,268104.6966461241
14,387482.93829885125
15,864137.983666718
16,1037242.6932766438
17,496475.5433884263
18,643722.9468230605
19,100726.1691159308
20,514997.2295421809
21,586585.5097171366
22,1285351.0461779833
23,146677.38885629177
24,273014.5139057338
25,336826.0207903385
26,564198.4895531386
27,290091.3903657347
28,434314.9544876218
29,144830.9042569697
30,554778.4872638881
31,537408.4597066343
32,540549.0468115956
33,509789.01162821054
34,1210504.5038055182
35,977783.3984928131
36,116500.99987579882
37,524237.19438788295
38,1237331.8411464095
39,193042.76683023572
40,298772.1328046173
41,494723.91291357577
42,407198.2572541833
43,357174.5341126174
44,350086.39299181104
45,435666.8611161113
46,906186.8359553963
47,420841.7048793733
48,758180.7586323917
49,422518.17889662087
50,188273.8388362676
51,1106088.8762281537
52,673807.9148547798
53,157239.08680064976
54,638073.285757497
55,435026.6477034837
56,445392.75206425786
57,888704.701253429
58,172791.5607200712
59,314684.5707090646
60,542166.5229141116
61,384149.45690244436
62,341916.50392484665
63,1120255.3868764043
64,622371.0829247385
65,315659.84374921024
66,946571.0433385819
67,608140.6091669798
68,394383.4841390103
69,668970.5033801049
70,743211.6217452586
71,536743.0954575539
72,984365.273292914
73,-68277.68613946438
74,346303.74120534956
75,902891.7498958707
76,737020.5859757811
77,160447.7114277929
78,304131.9811947793
79,358481.4760848284
80,437018.3046987951
81,735211.7718360573
82,532917.0368616879
83,876174.0532533675
84,1077312.9069909602
85,308121.3700699061
86,912902.7141162902
87,513866.1172722578
88,54387.67819163203
89,424937.0010559559
90,290565.4332629144
91,484723.0560017973
92,511913.96973772347
93,488359.0132955611
94,255939.15067245066
95,678764.5327714831
96,511535.0070839226
97,369675.7059368342
98,215320.9060149938
99,599591.2428880483
100,398452.0710813552
101,872004.7823293656
102,116743.41368578374
103,327920.5453347713
104,-5899.325239375234
105,416917.5738110244
106,910401.4162313789
107,496486.7622039467
108,225092.548546955
109,182802.71492813528
110,643271.6178199202
111,1747401.160340622
112,816393.6292035282
113,192546.1800902784
114,355867.59212082624
115,429337.9682442099
116,484624.8491165787
117,1693065.2584737688
118,535486.3408181965
119,120312.43343739212
120,393999.0565172583
121,761255.2967576385
122,1433999.5316749811
123,658343.1652935296
124,649891.1697901189
125,337086.7942725122
126,273439.72321791947
127,535287.6729745567
128,202704.46042571962
129,133748.2982916981
130,383450.63991458714
131,96014.84065748751
132,319297.7777495384
133,682772.6973644346
134,234324.72109279037
135,611076.1319885999
136,807729.7864284813
137,471064.5510356426
138,220241.60330228508
139,605502.1104614288
140,337863.3053704202
141,702100.5125560462
142,60260.672812759876
143,387000.76958091557
144,741975.6021601111
145,418506.1398358196
146,133152.826056242
147,767075.094647482
148,288685.3798441291
149,279598.4487577379
150,287083.1776744127
151,430757.20170889795
152,626060.4678866565
153,608671.1324102879
154,1079355.353041038
155,583003.6111640185
156,739908.2739593089
157,441449.5486667305
158,209342.14355407655
159,558815.5388019979
160,654306.4960006028
161,383331.72162531316
162,243377.9212089181
163,539673.8501541764
164,478732.12295506895
165,494153.83888591826
166,508503.6860744655
167,407240.2670189589
168,431379.888520807
169,1187778.8662432432
170,100590.75732624531
171,412582.6644542515
172,604310.233754158
173,540008.9250903875
174,444133.4815682322
175,703577.4050881267
176,401846.00889903307
177,300871.27579943836
178,243981.25551763177
179,332978.1582771838
180,1647220.8146769553
181,1083648.1595793813
182,1037972.0519076437
183,811714.7337515205
184,1567447.3966035396
185,504424.55661924183
186,678665.2832354009
187,172454.57886473835
188,584904.796251446
189,329228.73796638846
190,377194.89562498033
191,680360.5142683685
192,392810.53502486646
193,425919.5033940673
194,399646.77595575154
195,422185.2259375155
196,343444.5476222187
197,642389.1246027201
198,417334.788447991
199,363837.4635627419
200,244885.22415180504
201,234184.11889766157
202,319925.58889745176
203,982399.3658106774
204,926494.9660423994
205,330297.3557214439
206,196725.88831973076
207,454190.77356533706
208,956322.2926246375
209,287184.1368062049
210,201278.4663860798
211,596824.3372750878
212,591091.422973007
213,114321.80687734485
214,238252.89890818298
215,661114.121821925
216,193275.99246025085
217,638565.0020472705
218,1286403.8977556676
219,239452.9002367556
220,326379.1931313127
221,760818.51110138
222,416889.6078669876
223,1276262.6950134486
224,640489.7049104869
225,339558.8544573188
226,666057.8191572875
227,413203.2945048809
228,232678.10673207045
229,529733.8360730857
230,466663.3465792239
231,1047070.6699466109
232,873987.8741963506
233,145033.72787362337
234,378050.50608733296
235,544914.9888127297
236,439269.8754006326
237,656205.0000132918
238,235658.67032577097
239,485332.3869526535
240,700107.1775539815
241,283314.32540230453
242,509211.55744484067
243,145887.84482236207
244,354845.743183583
245,416660.36121346056
246,88110.14854429662
247,502357.62073615193
248,651444.6308909357
249,614100.0646703094
250,570653.8538485169
251,760368.9217821956
252,323902.76368901134
253,350871.5173038393
254,311271.1208855957
255,413289.05122599006
256,537769.8364516795
257,325854.2701370716
258,578564.5448926389
259,288312.1158557385
260,409051.3329157084
261,898216.025429219
262,477245.904222697
263,606152.9542776495
264,229148.10442513227
265,579502.1582503021
266,470376.2636217922
267,275636.8623636812
268,2182870.5926270634
269,307994.9245438278
270,1128131.9017207772
271,1132221.0666380078
272,149410.9710699618
273,722417.6636310518
274,630704.6609674692
275,451318.06289595366
276,1008834.2953289896
277,292749.3110227138
278,473554.0841241777
279,1017895.9349087626
280,943566.8885107189
281,569044.1058266163
282,167921.655763492
283,336113.07833890617
284,612091.3397112191
285,884738.5609077364
286,33855.067846000195
287,591949.8804920316
288,255585.22827872634
289,419960.01800851524
290,33081.162736684084
291,66190.13110589981
292,897712.7403551638
293,96816.99312724173
294,403842.1823952794
295,752436.0787447393
296,763454.1277458966
297,444276.5385209173
298,965997.8703702539
299,536324.4944110811
300,530863.4324951768
301,396358.2463109344
302,272236.0241622627
303,839854.9966029972
304,1068199.8226099163
305,437155.35643456876
306,1161005.2018078715
307,517379.5665653199
308,152949.42278385162
309,282291.2010618299
310,1391896.5569987595
311,1016719.7380291224
312,88774.5377920419
313,93213.07876700163
314,115965.45152798295
315,125789.26857580245
316,655563.8239918947
317,399130.75357554853
318,1022150.3921664655
319,614869.426785782
320,234872.57789216936
321,154501.98538011312
322,672487.0491529852
323,178301.48803210258
324,143565.07474853098
325,284388.72533516586
326,444705.27913820744
327,161009.5218872577
328,453295.43782407045
329,476089.2629967183
330,119591.33270870149
331,455667.8775431216
332,559415.7651770115
333,57121.78169922531
334,374725.24689364433
335,450007.2446152568
336,1092361.4550146013
337,557022.0782647431
338,190649.61454336345
339,1105262.534368217
340,635060.9514195621
341,413558.563685596
342,887529.601099506
343,623519.6072217822
344,342192.8916504234
345,284514.82023255527
346,372132.13807468116
347,546273.7478970438
348,804907.2438488901
349,408079.7531977743
350,836252.0089047104
351,423876.5218883306
352,569804.5557014495
353,615778.4870261699
354,211085.8509851396
355,200454.03004142642
356,678929.5532363951
357,1506046.1689163595
358,917029.1470576227
359,961940.633489877
360,466295.8912579268
361,127837.03396490216
362,464956.89004281163
363,539437.0400897115
364,594942.7078298777
365,725511.9341437966
366,710380.8017579019
367,1408459.62213251
368,223961.50575710833
369,255423.8032078147
370,829560.1403587013
371,222838.86652816832
372,299816.0164336115
373,543057.0932796001
374,246306.91660754383
375,831284.5268872082
376,980533.0959752351
377,502310.54063530266
378,562490.1371072829
379,394401.6974263638
380,631866.8167798668
381,472060.11738467216
382,721839.4727990925
383,185095.6945346892
384,541449.4565081298
385,479530.0117587298
386,444349.10801558197
387,831439.9834975451
388,828180.4630534351
389,1351370.9336512089
390,390303.70100420713
391,1009580.0591620952
392,592551.9205758721
393,605621.1641345918
394,233326.31717063487
395,218752.61539824307
396,799617.787146315
397,429003.3361438066
398,651081.1714360863
399,679845.591037333
400,1132203.055106163
401,328571.3772997707
402,704656.1644259393
403,295778.01521730423
404,218795.77386042476
405,259092.32716956735
406,725487.4251246005
407,341526.9921067804
408,319116.48454625905
409,453327.76498553157
410,456623.13548359275
411,335709.10439151525
412,619542.538632974
413,852317.0431775153
414,301276.56687784195
415,551446.4302116334
416,44523.5250108242
417,829873.3376773447
418,336420.3680358976
419,899313.0738334209
420,534309.4987252653
421,889362.1199459583
422,673737.9918352365
423,703884.0975090265
424,209462.67821921408
425,235649.00847440958
426,635572.895605728
427,155731.16107912362
428,386515.92010863125
429,481670.47873678803
430,454558.0171980709
431,776809.204325512
432,243428.33932194114
433,775863.8655715138
434,490875.72944551706
435,416589.5207424015
436,549193.2624954879
437,789534.0437550992
438,447522.9644378722
439,612297.6447980851
440,588554.384032309
441,595225.5850414783
442,586133.4363308549
443,558173.4460148364
444,863800.7734439969
445,330088.31003913283
446,258547.8445956856
447,378571.70809072256
448,418726.53903372586
449,323287.3215536028
450,289460.9068491608
451,893864.0469997525
452,793993.2035297006
453,679051.0114973336
454,973881.2906883657
455,241308.9232623875
456,419208.61060346663
457,359467.62325522304
458,454788.02658724785
459,255340.40434528887
460,550455.3370255977
461,155947.5619955063
462,752473.409030363
463,88322.216321975
464,417328.51235572994
465,547575.4062945098
466,1317407.879619643
467,502646.29403218627
468,383953.7476795763
469,463012.9056045413
470,479757.4830195904
471,426910.7088665664
472,247079.8800200671
473,538803.18324247
474,571912.1516116858
475,416651.62136514485
476,424851.66467116773
477,1833890.091918543
478,280605.80230504274
479,646607.225386098
480,824907.653287828
481,236049.2529783845
482,312034.70963414013
483,412982.361696288
484,644231.4668072462
485,525117.6024854034
486,1004758.3097916842
487,336513.813542068
488,1475859.7305796295
489,848967.7146616131
490,832548.5637785196
491,528170.4550826699
492,33349.09661921859
493,469116.28999112546
494,242074.37372250855
495,647853.2416712791
496,751020.7548881173
497,851123.7509399205
498,308366.9853246808
499,492169.56212106347
500,273777.2038592994
501,914969.2124043405
502,437071.40455165505
503,535309.0960105807
504,480292.4263173044
505,464359.7172230333
506,464170.81164737046
507,348365.14777708054
508,344052.7800383419
509,360125.15084043145
510,302335.11769004166
511,460668.53224527836
512,404464.1565859616
513,631834.0134594738
514,186037.0731317997
515,400326.3323612213
516,502124.92137022316
517,169582.22855308652
518,320327.59348012507
519,811014.6727251858
520,180435.26087099314
521,220864.17401517928
522,584110.5161434114
523,730152.6422860473
524,340948.21318396926
525,966811.5278657526
526,619064.3094591349
527,805090.5887273848
528,398985.21507146955
529,184960.02995325625
530,242976.0336048752
531,747771.7576462924
532,561728.6424403042
533,534521.0084933937
534,315091.0722158551
535,363957.692574352
536,291333.2530388981
537,920065.4755439311
538,628323.4534273297
539,471716.8129722178
540,319582.31794412434
541,624028.8170178384
542,674069.2023725957
543,504833.9814441502
544,529268.8522440195
545,601597.694283098
546,282116.8754155934
547,570534.201896891
548,1562949.2665573359
549,239546.71878109872
550,111131.33676034212
551,158031.2197997123
552,471349.2593333721
553,193036.03328733146
554,951156.5299955457
555,137997.7387648672
556,852803.6129606217
557,96656.56933937967
558,481533.91736873984
559,593421.2413303405
560,662656.3994962126
561,456846.34907241166
562,485516.77646666765
563,475452.01803436875
564,899575.8577744216
565,630730.8441983312
566,610669.6885531098
567,414043.1448998749
568,661845.899682939
569,1028448.710478276
570,545992.5748588443
571,315006.7860586047
572,232414.66799506545
573,596111.5862897485
574,456006.7417279631
575,476116.04350981116
576,746862.1572936773
577,108928.81226284802
578,85918.77218642831
579,370715.97878983617
580,524923.9753024727
581,458488.0351550579
582,924835.1103637218
583,210316.73896454275
584,346706.79214692116
585,478251.8467526734
586,503614.1385682225
587,354032.78442907333
588,514636.89224137366
589,623748.2504918873
590,450233.8680166453
591,392732.5882474631
592,521977.10539625585
593,412936.55172427
594,315348.5347738862
595,718251.7735449523
596,98859.47192752361
597,209057.1700603217
598,675673.8596052676
599,496989.0652883947
600,453369.92785176635
601,571617.8670115471
602,222974.65371768177
603,434402.2932167351
604,577888.0510181338
605,1302290.03078641
606,213621.07192522287
607,1100990.4519592375
608,307206.3258931339
609,2630316.4967083484
610,653809.0302068591
611,136600.5510891527
612,1671151.5042492747
613,762723.2679234743
614,1006076.270841971
615,605444.5260893852
616,187709.72146819532
617,74409.03934670985
618,380010.15650230646
619,395735.36724585295
620,519200.06943015754
621,660787.5264703482
622,423721.93879544735
623,385098.9827828258
624,325720.7828977108
625,345896.291495651
626,1009518.5665218532
627,429233.9430036843
628,256988.75150164962
629,1000390.6670790464
630,417219.469882831
631,502278.90210464597
632,159941.4572751224
633,506251.0038665831
634,619766.4741521627
635,588295.4989594966
636,333291.2750185132
637,520693.25433808565
638,404189.10484546423
639,401689.51457199454
640,1410261.7408396304
641,443319.70464129746
642,572299.532159254
643,165607.25887404382
644,173790.0828139335
645,846423.1289582998
646,444051.7844901383
647,435421.70969071984
648,920446.0069797486
649,372253.9798977226
650,493538.6144476086
651,1212741.4596128762
652,629535.3584985733
653,197855.22535008192
654,967966.3985044062
655,298336.6739228964
656,264046.56386865675
657,383135.1459722519
658,558003.2619435787
659,1069671.9382559806
660,270077.2765547782
661,503605.4966940731
662,1054042.7291514426
663,533985.4543546587
664,407123.13871593773
665,588376.7931482494
666,1020406.09848845
667,536736.8158820868
668,956163.4272297174
669,142992.12080398202
670,1503306.7866380513
671,155587.58029174805
672,942573.8150718808
673,555062.4819196463
674,110512.68188492954
675,443845.62357118726
676,340511.1671670824
677,449016.13990433514
678,365476.6980871111
679,590721.9681291878
680,586062.0239931196
681,376096.88089491427
682,488065.96178387105
683,409752.71580307186
684,262379.0327601284
685,524549.9176284224
686,461114.39978428185
687,347048.0235161483
688,596136.8999750763
689,549676.1020144373
690,1593764.9650565088
691,309554.59633786976
692,414364.7357008904
693,355428.7251303792
694,196982.06394435465
695,430134.37781989574
696,281067.94248743355
697,421980.11978799105
698,258636.34639163315
699,636549.1016189456
700,470331.50910647213
701,351969.48967653513
702,407712.71679002047
703,377704.3971980363
704,497613.82958723605
705,1715186.732545793
706,160297.78091964126
707,584623.1911483407
708,252581.48470434546
709,486686.2402956188
710,156976.93898759782
711,713689.1820147932
712,786601.9986682087
713,447696.58155716956
714,942008.9018526077
715,1643823.4846009016
716,293219.4693131447
717,933047.7027771473
718,215973.29829517007
719,558492.3213086575
720,608143.1678078771
721,741085.093194887
722,702795.4168459326
723,505655.54319626093
724,328945.36156630516
725,705443.7305592597
726,490893.65147419274
727,396772.3359782398
728,356148.63406425714
729,361762.4974490255
730,242387.88591367006
731,590210.5368685573
732,489403.65251629055
733,1029440.0004582256
734,764284.6504867375
735,588335.443402186
736,534583.98080872
737,347356.6079570204
738,342355.3278028518
739,489849.9679477215
740,401353.2600109577
741,598232.5673643351
742,25546.1535076797
743,615055.9653699398
744,711290.2936449498
745,262784.5072825402
746,402227.4751841724
747,1107738.9840860963
748,436042.11144824326
749,297533.7939136028
750,441472.80999070406
751,786552.877877444
752,278572.68775323033
753,413178.95457974076
754,224720.95900684595
755,662337.5166112185
756,490322.69034971297
757,331388.06447534263
758,537070.4064246118
759,221036.194959417
760,822741.7812142074
761,475105.59324947
762,-90009.92803522944
763,615274.494379133
764,379234.68813692033
765,509140.51439763606
766,914617.2506362498
767,881048.7424421161
768,249272.65245586634
769,103839.58807891607
770,593758.6303996891
771,489133.2289403081
772,519116.35268355906
773,150047.81787653267
774,170705.52401140332
775,310771.1960917115
776,498354.2260251641
777,489598.7229099721
778,351398.74699682
779,1438710.4051134884
780,463505.32561947405
781,966053.4414717406
782,742472.7802894413
783,935014.4465298206
784,334475.2360775918
785,1224484.0802726448
786,425740.764422223
787,369741.8487933278
788,436857.2352642566
789,898953.2013572007
790,483993.84817141294
791,175240.8088747114
792,580493.5221856236
793,977735.5941771865
794,9867.485643774271
795,395011.28616942465
796,604196.4654031843
797,781766.8675271124
798,349600.5272716582
799,250168.8306258917
800,372086.2190119326
801,481788.9109390527
802,68718.61319443583
803,628388.5485674739
804,419016.90664333105
805,783601.4118913263
806,236696.63590036333
807,787279.1223296523
808,918862.8341790736
809,106716.8690726459
810,632384.374602437
811,1545725.6584736258
812,317262.796551317
813,778476.4815116823
814,367237.38630610704
815,614935.883298114
816,143436.6535384059
817,430947.4172407985
818,212544.08044977486
819,705208.2094158083
820,148056.53552176058
821,1056022.6181981862
822,158342.91848245263
823,421504.8864673674
824,604462.2505859584
825,568367.5049987137
826,420994.468458429
827,475876.198646605
828,523051.87165234983
829,656404.6913354695
830,1052646.1679199934
831,618630.075212419
832,569829.6468511224
833,172258.71366865933
834,207094.02041207254
835,246900.0807504505
836,240526.19185067713
837,568505.8431132734
838,476916.8607664108
839,338003.4745067656
840,760512.5618632585
841,489172.91276326776
842,564916.5462337732
843,761320.877210319
844,541423.1846445948
845,514882.35334306955
846,749615.6335526407
847,589020.1482191235
848,751504.9847585857
849,561881.4455113858
850,394440.6149931252
851,238157.4903576821
852,473048.19008633494
853,470831.41526040435
854,838425.428556323
855,392121.2346313298
856,1729870.2911749482
857,531828.5881030709
858,364047.79907152057
859,469561.6439432949
860,387435.5604737699
861,415272.9217761755
862,901832.9671572298
863,448808.60378317535
864,736936.850714907
865,347564.459237203
866,678386.9697967172
867,272000.72831864655
868,697769.9042977244
869,520798.94205114245
870,280927.3110180944
871,663944.2264855057
872,350118.5187882781
873,718179.5920555741
874,213006.12674044073
875,144502.66790916026
876,67001.0693782121
877,399825.09797245264
878,234370.39613462985
879,681886.3952409178
880,202020.2970252782
881,328986.5829831064
882,237565.9509472102
883,404101.8138845414
884,546761.1677182019
885,800183.5099859536
886,277656.0763937384
887,869339.3034037948
888,443660.95218761265
889,502558.4142112136
890,577342.9868027121
891,222502.97793883085
892,613649.4387170076
893,1163300.6593221277
894,338583.5535503477
895,1050589.624300763
896,295732.43216846883
897,235667.360671252
898,810234.5003727078
899,838009.2708479166
900,411500.43387950957
901,198417.92444190383
902,518364.91124753654
903,574522.4584918022
904,289613.5901591927
905,832588.9251140654
906,998939.8347966671
907,258596.45756813884
908,458948.3396371752
909,2124448.21604228
910,1325244.2024384886
911,448744.3549464196
912,1304929.6342143863
913,277827.12257646024
914,923206.687479049
915,403338.7262363881
916,1756946.3792544603
917,641185.9882435948
918,1886733.9232555032
919,1351856.6889821887
920,212309.30338662863
921,399080.0859866291
922,260240.56640960276
923,396173.5524047911
924,279924.8705073446
925,290600.6020100713
926,451151.60699015856
927,513391.63143473864
928,294726.5927334726
929,278822.79428477585
930,219214.29738375545
931,199024.85168911517
932,662704.2709509134
933,518601.5212394744
934,402746.90075950325
935,379195.88754580915
936,1421789.2454587668
937,401828.2601724118
938,168309.97929365933
939,619828.9070619345
940,320519.02017727494
941,221530.42041780055
942,573791.6965862215
943,478438.15882502496
944,482876.6997999847
945,414899.33996883035
946,393111.1267230958
947,523846.23854741454
948,776022.3414534032
949,420235.6279577315
950,840629.915916428
951,572990.9067268521
952,628664.0882740319
953,482898.5136728138
954,369328.9978621006
955,381583.706752941
956,397830.7774193138
957,337548.44275666773
958,903872.0851869434
959,559659.62116687
960,433224.79600314796
961,267155.57299259305
962,616716.8660695106
963,432498.71872223914
964,401612.1127064824
965,414881.19859567285
966,1150554.356377557
967,608966.213591829
968,260382.64668223262
969,647008.6423511058
970,400727.26065686345
971,721851.3498301059
972,185084.8386092186
973,377957.981894508
974,346336.982459262
975,200782.5447459072
976,1329567.631452486
977,370964.9108636528
978,261833.3821283579
979,408036.7124568969
980,99380.14916160703
981,249658.4835782796
982,890381.0602706522
983,825170.5712937713
984,479456.69405020773
985,859792.5711322874
986,328458.0031199455
987,495121.6175843626
988,255487.98620574176
989,309022.7542361766
990,1055205.6294066012
991,1102866.4338951856
992,364104.551129967
993,530555.5389270037
994,306874.8147576302
995,435559.8074425906
996,543702.570680812
997,1509302.2098619193
998,922581.9113167673
999,420854.38902677596
1000,250172.15604130924
1001,897185.3451828659
1002,369879.04695650935
1003,246460.86766536534
1004,458049.5002310723
1005,491675.8589564115
1006,69311.79227592051
1007,446730.4985831827
1008,491592.4295156151
1009,458403.0401096195
1010,760679.2825219184
1011,519194.59048493207
1012,2413731.8654545248
1013,207084.10355566442
1014,1208524.2912401557
1015,452997.02085505426
1016,633908.638352707
1017,497608.80723643303
1018,159621.82794439793
1019,526403.9280453026
1020,446521.46809861064
1021,686553.713408038
1022,481792.9816214591
1023,802061.2079513967
1024,371332.4704335779
1025,403825.65563486516
1026,791900.84164159
1027,802782.6035544723
1028,567543.3082471788
1029,873741.3609708399
1030,313922.7259246111
1031,152195.84561309218
1032,724029.6137947291
1033,12467.030183970928
1034,741365.6546314657
1035,209926.87780366838
1036,410914.87502734363
1037,1122352.9682973474
1038,1894027.5784033537
1039,561160.1965846866
1040,428609.92434735596
1041,585938.6997687668
1042,411433.9450980574
1043,710860.6594339013
1044,559086.511176616
1045,598974.7447202355
1046,293823.81111577153
1047,748894.1851188987
1048,260494.38914752007
1049,396016.81547783315
1050,376715.06434583664
1051,594113.3742651939
1052,482244.15750586987
1053,509905.4866234213
1054,346021.9186359495
1055,206080.26361992955
1056,538043.60809201
1057,307531.4060293734
1058,302543.49372297525
1059,429271.7549673617
1060,748538.9468007088
1061,234323.78113542497
1062,216614.22349759936
1063,264323.84915682673
1064,448669.8850542754
1065,330044.76738090813
1066,211177.19642290473
1067,874528.6207536906
1068,398644.5267225504
1069,260911.4861717075
1070,395807.7441600859
1071,199278.89206632972
1072,729308.6800717264
1073,643441.5420388132
1074,183014.8862542063
1075,508463.5587564707
1076,1763904.4149864912
1077,965863.4211232513
1078,536901.5652308911
1079,412812.86895258725
1080,264748.0687856972
1081,315395.63044556975
1082,477766.2491994202
1083,698979.1619682461
1084,206419.6767435521
1085,1219325.3073145896
1086,326605.703719452
1087,519250.06123898923
1088,863248.9618045092
1089,53416.42640003562
1090,153790.33697620034
1091,459894.6170082092
1092,1303626.035828054
1093,439528.43486985564
1094,909829.2247990817
1095,355094.7932962328
1096,344159.30397596955
1097,801022.4988772571
1098,642488.5123867542
1099,495192.8809978515
1100,689447.6742895395
1101,157803.19940251112
1102,879816.4997125268
1103,1072784.2964538485
1104,221006.98673444986
1105,672340.8843999505
1106,223431.00465923548
1107,241600.44086261094
1108,271854.8552338481
1109,422732.3894017488
1110,989396.7238769382
1111,397202.80445222557
1112,1115786.5186358243
1113,227829.7956983447
1114,651351.2917160392
1115,679137.6623165607
1116,341706.1912474036
1117,931118.0926398635
1118,913079.4334282577
1119,1934755.9158584625
1120,604557.4166764617
1121,458887.3541202098
1122,1045459.1475369483
1123,339859.1013125628
1124,1443783.2997952104
1125,903196.8931643069
1126,561659.541208446
1127,149508.76709619164
1128,471985.8005903959
1129,265234.2381450385
1130,465956.33424951136
1131,318107.4397227466
1132,88025.56100580096
1133,639450.1913990378
1134,98016.74880157411
1135,393469.8544213176
1136,948405.4579648226
1137,1460327.8874088973
1138,598975.8390496522
1139,343651.11388388276
1140,363806.6360639632
1141,701193.6262544245
1142,1875604.1604235768
1143,186310.72318555415
1144,774690.4982040673
1145,744402.0609844774
1146,223467.65352970362
1147,773632.4738323689
1148,522667.7694772035
1149,383946.6361465454
1150,336566.3495089263
1151,426582.3695617914
1152,629889.8650061339
1153,437258.820472613
1154,327002.2536239922
1155,500562.86525316536
1156,292946.38010405004
1157,566924.9761298597
1158,325623.1599711925
1159,489288.5855549574
1160,441087.50541578233
1161,858514.8173647076
1162,395523.6797105819
1163,149879.15472599864
1164,948072.5710244328
1165,2043895.0138193518
1166,265220.9134283662
1167,453384.6392726004
1168,563081.701939255
1169,357460.6986550987
1170,1036017.5340291411
1171,806729.317543298
1172,258696.17111848295
1173,382150.97155073285
1174,171275.64377316833
1175,546340.4776530564
1176,277442.0859437138
1177,276291.8082433939
1178,52972.0845849514
1179,437845.56755177677
1180,103930.57705716789
1181,746284.1878689378
1182,159083.84543389082
1183,557456.0973765403
1184,677878.5211369395
1185,519628.460616678
1186,259676.183670789
1187,2377197.6459537446
1188,90466.78213301301
1189,279348.83451132476
1190,426515.2796866298
1191,131832.5955453217
1192,1778141.0031545162
1193,420803.51811121404
1194,313368.8092368096
1195,906318.7326643914
1196,266244.6678856313
1197,480428.0121874213
1198,524241.21048906446
1199,487302.05370630324
1200,497635.1317241937
1201,812573.4024022967
1202,655463.8610483408
1203,569120.3145454526
1204,638951.8889804482
1205,724688.9068111181
1206,412870.5643182546
1207,237375.5807992369
1208,133582.41653381288
1209,563522.2798216492
1210,216921.21903800964
1211,412568.30760005116
1212,524060.87328211963
1213,537564.2580972165
1214,363528.4386294782
1215,687331.1705690771
1216,409421.9720480591
1217,532222.5114573836
1218,151941.9851294607
1219,1014572.7221212238
1220,295058.06589095294
1221,1913315.6785185188
1222,1045827.4676314145
1223,351407.1810300797
1224,184211.32224662602
1225,535656.7938780487
1226,879843.9056994468
1227,564502.0395984054
1228,368413.29744552076
1229,1208134.1773844063
1230,880266.046536684
1231,645722.9669468403
1232,331140.2852047831
1233,706490.493588388
1234,362982.3199401945
1235,607398.9713834673
1236,589617.1119995117
1237,331356.85143749416
1238,124471.03601498902
1239,1075440.8799034208
1240,389982.0341542661
1241,448760.37888513505
1242,395612.2002374232
1243,560137.461042732
1244,492282.76507787406
1245,1400447.6870319843
1246,624799.9261326641
1247,228522.70334257185
1248,368821.0706537068
1249,677098.7594319433
1250,287964.48498262465
1251,541223.629872188
1252,563593.4009168595
1253,930449.2133114636
1254,494672.65625427663
1255,267547.2305045128
1256,289624.7293827981
1257,492857.42410971224
1258,716670.4826003015
1259,86557.0632841289
1260,393073.4164598435
1261,409326.94545061886
1262,730982.1363617629
1263,291840.22643972933
1264,858765.7849233449
1265,1108974.3821687996
1266,2315316.446298197
1267,456380.2137596756
1268,174262.04409754276
1269,517046.95993210375
1270,487910.3570728302
1271,358432.87253805995
1272,574801.4852918088
1273,770988.8207524568
1274,168447.00190649927
1275,195637.91564244032
1276,150250.5351949036
1277,616821.2464750558
1278,965382.7973017693
1279,436305.0322639644
1280,666455.8161962479
1281,222818.72779209912
1282,263513.3373463154
1283,580174.3650119305
1284,245834.25251500309
1285,773902.4142863005
1286,495096.7559939027
1287,224976.1850143075
1288,261185.64978937805
1289,80605.38226264715
1290,468196.1639934182
1291,439462.1481806785
1292,412757.01238928735
1293,622882.0401941389
1294,322036.68207225204
1295,563324.7526467144
1296,220267.14139430225
1297,218707.56334757805
1298,798374.9696300328
1299,726640.2576738596
1300,235684.47036528587
1301,382835.5116650611
1302,659744.3490351588
1303,352188.1709071845
1304,1779807.934005797
1305,175058.97353057563
1306,654578.1056628376
1307,888265.7431448847
1308,422652.6893107146
1309,501199.5672108829
1310,62221.42828682065
1311,515974.4291893244
1312,407381.2597564161
1313,930240.077601999
1314,399078.40997076035
1315,228922.2584002167
1316,1536869.6207439601
1317,1310718.1550458074
1318,398544.7548827231
1319,544185.2164396644
1320,261045.5316120386
1321,297641.3821569234
1322,517511.5678600818
1323,667507.3189803958
1324,402780.8635442853
1325,450812.5784403235
1326,358844.4800145775
1327,513503.4732557088
1328,398861.0070294291
1329,667139.5413308591
1330,280550.09886306524
1331,578891.6172638834
1332,493249.02199840546
1333,483355.35873025656
1334,700361.4546917528
1335,637089.2444182485
1336,1241594.9933111817
1337,209750.25957615674
1338,1815403.0381501764
1339,335876.8828022629
1340,576475.4791262299
1341,1347755.435817346
1342,816981.6272944808
1343,643153.6445470899
1344,638558.4643106759
1345,93850.40215884149
1346,728231.0517790169
1347,89053.967828542
1348,555602.1319122463
1349,479883.6884239912
1350,442900.63827444613
1351,748730.5635455698
1352,346648.0397514403
1353,888317.2716731876
1354,251459.88033743203
1355,201121.95002880692
1356,231039.502334252
1357,520981.98717983067
1358,456290.0886686444
1359,436796.9444088191
1360,424451.1970115602
1361,851257.7983004302
1362,506992.09802646935
1363,380316.85492028296
1364,249871.03604489565
1365,958028.1172335446
1366,569842.3316048831
1367,197672.1665700376
1368,642666.2927862257
1369,593036.9007966965
1370,657627.421188876
1371,744141.3872487545
1372,425522.51007552445
1373,458780.52893675864
1374,160849.32951584458
1375,510830.0457497239
1376,807717.5544104576
1377,452870.4715628028
1378,340875.75827406347
1379,611763.8376724124
1380,910102.6406703442
1381,325809.5612568706
1382,600612.3748673201
1383,432914.0648327321
1384,301843.3562119454
1385,972020.5331097245
1386,575656.46483244
1387,346475.5429313034
1388,325928.8597352803
1389,304190.53166006505
1390,645066.2849583775
1391,207722.15191404521
1392,500245.66975814104
1393,355513.41514119506
1394,408615.8287437707
1395,478130.5490055233
1396,637488.4512202442
1397,457667.91025680304
1398,576406.2636169642
1399,466740.5557074249
1400,383609.35525490344
1401,269850.82020045817
1402,569632.0271293819
1403,249455.9354135245
1404,826156.6884632856
1405,664299.5658538193
1406,725979.5460620224
1407,399829.8848834485
1408,349498.94069093466
1409,282575.1854830682
1410,613616.6549825072
1411,737273.2063705623
1412,391204.92087860405
1413,332645.03085397184
1414,356876.917273283
1415,306897.60143201053
1416,338527.0561429113
1417,436001.4369599819
1418,833199.4476891607
1419,677817.7859706581
1420,230136.23028093576
1421,149271.07433317602
1422,280219.1344896406
1423,319666.5562963635
1424,416709.74862128496
1425,1280712.3148221523
1426,1056606.7380619496
1427,100851.8097847104
1428,719673.4637264609
1429,437815.5855898559
1430,477207.7540457845
1431,582072.7615791112
1432,1459474.0658771098
1433,86432.05610388517
1434,544998.5993963033
1435,220907.39062274992
1436,806686.3743415326
1437,304746.8833644241
1438,142889.06181664765
1439,282230.78507490456
1440,731027.0809778273
1441,1160411.3908104748
1442,310646.14629493654
1443,440667.28893229365
1444,535589.716603592
1445,234333.08666577935
1446,459201.4114932269
1447,402992.2104305476
1448,319244.54178872705
1449,296464.9016843289
1450,657998.3873293698
1451,396167.44885620475
1452,217270.62360708416
1453,446209.729125455
1454,811011.6093003899
1455,208519.4640197456
1456,633544.0694251508
1457,262798.2392618954
1458,1057150.081374526
1459,170392.0703638047
1460,599790.0570608526
1461,138319.80753064156
1462,825922.0630197376
1463,431819.2774450183
1464,754521.2192875892
1465,1233490.385559976
1466,773958.0682253987
1467,774888.323869884
1468,666760.4344767779
1469,500197.707187444
1470,737509.9546615481
1471,578691.1365074217
1472,514856.764599666
1473,542047.678335607
1474,771573.5721966475
1475,490840.8825830519
1476,500194.81731826067
1477,610865.5592155159
1478,1797346.128600642
1479,575639.1415282488
1480,858232.7407705784
1481,304978.8358642161
1482,252428.62912003696
1483,232620.83850590885
1484,560136.8995733559
1485,1063819.496113181
1486,1124780.6398260593
1487,515035.36668138206
1488,245541.62753280997
1489,944379.8668403774
1490,382528.6691248119
1491,417183.81474237144
1492,1342940.6515540928
1493,681478.5522513986
1494,445841.7282689214
1495,655109.5004275888
1496,194553.78709861636
1497,762316.1799815744
1498,304792.8011315018
1499,624821.134956181
1500,591162.2500797659
1501,1747699.4300892204
1502,874697.6228341758
1503,2081902.2551410794
1504,733474.6924236268
1505,490003.04917408526
1506,442901.7117655277
1507,282087.2623475045
1508,641397.5061591417
1509,329488.7182725668
1510,539644.3075562716
1511,192589.48123595119
1512,796842.6243913025
1513,494882.8830794096
1514,556018.4445534796
1515,440709.1510256976
1516,1083077.1271805316
1517,518469.4411434531
1518,231721.15330082178
1519,328273.5958876461
1520,530985.7042994499
1521,51094.001887485385
1522,459887.64982648194
1523,576150.0889324248
1524,822439.788796857
1525,576782.2557851076
1526,136140.75869260728
1527,411020.79277700186
1528,653969.1970445067
1529,539169.0877849758
1530,693234.7237561196
1531,355801.29282431304
1532,631315.527118519
1533,467680.0935008824
1534,479401.86805167794
1535,681007.8178580701
1536,783291.4189807177
1537,731939.30505234
1538,1751961.9231581688
1539,730641.9195746183
1540,421046.85997882485
1541,791870.7469739467
1542,690526.3403815925
1543,524199.88016059995
1544,342872.3227200806
1545,432874.33973416686
1546,570174.0387151539
1547,189265.22015056014
1548,518750.565539822
1549,249217.22352336347
1550,744281.9819257259
1551,216449.9396688044
1552,236552.38597485423
1553,451356.96334168315
1554,899952.8240885437
1555,616675.1031345725
1556,399128.3101320118
1557,315059.17966644466
1558,1340718.714757666
1559,778728.4227716923
1560,833557.2428485602
1561,687845.9665304124
1562,373058.54648026824
1563,490907.20344634354
1564,511023.4113930315
1565,292073.33443172276
1566,264570.58987507224
1567,425468.91393727064
1568,65462.016524240375
1569,215421.67556257546
1570,722895.5890339017
1571,867418.8054174334
1572,656186.162022993
1573,459740.23017656803
1574,678749.0510943234
1575,243523.24560828507
1576,982096.572309345
1577,833364.852989912
1578,727748.050843507
1579,257310.40966837108
1580,624220.0069478452
1581,199622.70693263412
1582,315291.4485949427
1583,454525.62729236484
1584,352237.82729648054
1585,2141026.861136779
1586,891402.1686896235
1587,223251.46956919134
1588,300574.4425032437
1589,503231.36906030774
1590,120735.89304576814
1591,548373.2190817446
1592,1663233.9394037127
1593,395338.0065126568
1594,606861.3500786871
1595,318230.6176034212
1596,494977.0955693424
1597,612149.6626847386
1598,433765.6232382655
1599,371260.1542957723
1600,1025740.9458757341
1601,441418.4483702183
1602,1485696.176954046
1603,569780.7741393298
1604,412083.5416537672
1605,363246.1767228246
1606,893126.5523157716
1607,249269.40936341882
1608,269921.81305392087
1609,532957.3914783597
1610,373165.1975339651
1611,405256.0818526298
1612,528973.0071811974
1613,467398.9679249078
1614,667246.2123767734
1615,307697.0022368133
1616,494545.75640387833
1617,624676.5260290504
1618,149906.55527740717
1619,253919.13581347466
1620,770128.4965513349
1621,835137.0454093218
1622,1837942.562950611
1623,159259.57263290882
1624,1679635.8820753843
1625,164170.71561604738
1626,626035.036112979
1627,132485.6838775277
1628,570402.2491231561
1629,582646.8983716965
1630,524938.1810514927
1631,437085.9517759383
1632,475737.3436629176
1633,888709.3484053016
1634,841556.159263134
1635,369784.79969093204
1636,892440.3347499669
1637,330671.7708917558
1638,410378.13997650146
1639,672106.5560093075
1640,353980.16472536325
1641,442780.08378240466
1642,574940.7749609053
1643,239862.72127825022
1644,256174.42359308898
1645,466329.5345018357
1646,366364.13696070015
1647,255643.76915088296
1648,344340.69224850833
1649,33692.895836278796
1650,376122.9524616599
1651,1010250.9746638536
1652,64102.03101186454
1653,610805.4436856955
1654,262454.7551629096
1655,687870.1946605146
1656,289080.0732720345
1657,330548.3192972243
1658,916335.0871452093
1659,423902.4744759202
1660,299959.90982179344
1661,511145.4145707339
1662,293991.0265786648
1663,327696.34432928264
1664,278240.5261553377
1665,1055568.0264572054
1666,416311.3338546455
1667,699890.422928527
1668,585528.7586094588
1669,236227.73083378375
1670,314463.68430781364
1671,630796.8735925406
1672,437557.10219810903
1673,367383.90059515834
1674,752901.4309802055
1675,218985.04096379876
1676,455388.7314669639
1677,340323.4358256459
1678,949705.4833384156
1679,616608.2261096686
1680,564999.0475518703
1681,788073.1599593908
1682,434161.8954933435
1683,543853.0975357443
1684,712297.4282975495
1685,1585974.8486474305
1686,554574.9186971933
1687,544422.0885700583
1688,564264.7136478573
1689,653506.3286782354
1690,1022545.250148952
1691,190061.44673743844
1692,592333.0797317624
1693,248501.16292631626
1694,898057.3467497528
1695,407199.8037748635
1696,102681.60169933736
1697,265920.90174241364
1698,217207.6053853631
1699,313218.7064767927
1700,671281.8641060591
1701,1085154.99255912
1702,1115304.933611706
1703,470683.3660610318
1704,411683.34503887594
1705,180956.17520840466
1706,474570.7820080519
1707,240923.1934311688
1708,197363.5009009093
1709,496314.178350389
1710,517393.7479647398
1711,988020.5367199033
1712,1033755.4171666503
1713,435928.14527498186
1714,441800.5926953107
1715,350127.7717180401
1716,402614.72173400223
1717,694056.0085748583
1718,388445.9373585582
1719,312060.6360517591
1720,1135692.4643282294
1721,494772.86861617863
1722,734743.4282473177
1723,488493.1328637451
1724,688291.1663612127
1725,633853.04010351
1726,455981.4435496032
1727,1850030.6825880855
1728,158053.59235452116
1729,237523.8209016472
1730,355057.8179845512
1731,346084.38699375093
1732,727579.2552635521
1733,572056.4954769015
1734,733981.2936662436
1735,437260.35337753594
1736,739721.6478753537
1737,687974.5591834038
1738,339527.50414682925
1739,784358.082024768
1740,507855.66324679554
1741,764078.1205394566
1742,506299.1582477987
1743,658727.7621160597
1744,356287.3777926266
1745,598894.4030367434
1746,254860.9091666937
1747,260215.67968158424
1748,241919.07042109966
1749,752708.2838053852
1750,145375.93458537757
1751,790495.9752463102
1752,608797.1576560289
1753,752753.1598251462
1754,338472.462890327
1755,350434.28784537315
1756,1030341.1560792029
1757,420695.4035359323
1758,484900.6596971899
1759,801161.8527459055
1760,707305.7217975408
1761,237833.39368782938
1762,296559.1560187638
1763,1094474.2814448476
1764,79072.68708275259
1765,782667.2423711121
1766,541437.4938964993
1767,543493.9642018676
1768,487719.1965844184
1769,144026.63926669955
1770,256217.2810896486
1771,494585.4271893054
1772,409920.6856596619
1773,813943.5917952508
1774,571537.3362836689
1775,188200.59832592309
1776,466792.4391745925
1777,588487.2052375525
1778,1439354.5978994966
1779,272262.4745898992
1780,157536.5841846168
1781,626121.0923927575
1782,592093.3457302302
1783,584307.1005870104
1784,395762.57422856987
1785,151791.1318822205
1786,-11331.98453745246
1787,381953.90239687264
1788,929054.2620371133
1789,411132.61251710355
1790,902715.8607660383
1791,592481.7006552368
1792,530486.1736232638
1793,751682.8417911977
1794,380725.97719042003
1795,553490.7786716521
1796,600272.5594635755
1797,200676.40545997024
1798,958736.1266556531
1799,288248.0507453829
1800,293685.09734480083
1801,1127767.1851765215
1802,188827.69327752292
1803,550647.8028448969
1804,197867.8091418743
1805,705265.0245740414
1806,403388.8406254649
1807,766600.3123128712
1808,215719.3265570104
1809,834757.322791785
1810,359362.50152648985
1811,762535.4872511029
1812,960703.4146310538
1813,575519.3241053224
1814,1279586.0046209842
1815,485475.58459718525
1816,558939.2330061942
1817,431827.36162917316
1818,1567967.6959453821
1819,520614.29733397067
1820,686073.1930292696
1821,206114.91447269917
1822,395492.2080079317
1823,414193.91685816646
1824,808976.7984326929
1825,170022.57404977083
1826,295852.6215352863
1827,827148.8744190782
1828,305734.1131210327
1829,693958.0977389663
1830,413800.2807253003
1831,52666.35631792247
1832,108537.09124806523
1833,885217.7457861453
1834,576144.0266652703
1835,356409.0773715824
1836,312354.02785626054
1837,699056.2660141438
1838,413704.39061525464
1839,338852.19039043784
1840,1009004.288807869
1841,217419.27269408107
1842,949633.9483229816
1843,897495.0410606861
1844,275074.43144862354
1845,212655.14214025438
1846,245984.75235967338
1847,248245.93996617198
1848,353905.1674365401
1849,446817.9478213936
1850,412911.3132222742
1851,213225.2071004063
1852,721497.1536473334
1853,647772.4490872025
1854,246686.18551638722
1855,847712.8120490313
1856,492411.3903927356
1857,471172.07152429223
1858,2610320.2006015033
1859,901217.3351534605
1860,503675.68485863507
1861,318437.00031131506
1862,631784.8115091324
1863,774911.362425521
1864,519174.34945486486
1865,205415.74676197767
1866,1086584.4385481924
1867,644998.9170875996
1868,756214.5396711081
1869,150415.44872273505
1870,483051.8704697192
1871,463446.8328309655
1872,612002.7897747904
1873,560417.0300761759
1874,298809.04331986606
1875,452104.82569654286
1876,610931.3615701497
1877,179132.36045739055
1878,455042.5058938861
1879,283473.4880965799
1880,585825.9414999783
1881,499089.5028170943
1882,769795.5373795033
1883,126854.27130240202
1884,226698.11761176586
1885,345757.6442693472
1886,591716.0026053637
1887,763415.4960373789
1888,889235.2860639989
1889,399689.83189837635
1890,353994.1949094087
1891,643578.2545654774
1892,317862.772337839
1893,420451.86060263216
1894,809925.8782253265
1895,340544.88772156835
1896,436507.771677047
1897,255409.55056279898
1898,960064.9684818238
1899,425385.9352082759
1900,800030.0140924007
1901,333992.21597130597
1902,279337.8514175862
1903,304360.7817668468
1904,1024646.9973303527
1905,273999.12117742
1906,896842.1262346953
1907,632862.4188494682
1908,886494.7344306111
1909,490679.48412030935
1910,524695.4241667241
1911,887376.9926544726
1912,982492.3616486639
1913,931152.2030092031
1914,402129.16527697444
1915,739608.7441329062
1916,646749.4754189849
1917,379705.36675719917
1918,186763.23824118078
1919,268526.11004920304
1920,301635.07841841877
1921,360972.6006859541
1922,432116.3914549053
1923,1045185.0382382125
1924,536123.6976834983
1925,2051913.1961776316
1926,577108.2591972947
1927,321507.63214471936
1928,565414.2428158373
1929,400725.1146659404
1930,711877.5508981496
1931,170955.1409329027
1932,709773.7402299345
1933,219218.23716890812
1934,197403.74789455533
1935,164744.38765785098
1936,1341158.3596784621
1937,264056.5863132328
1938,194035.276771456
1939,349730.8037135303
1940,254706.42965833843
1941,1441139.2927536517
1942,203016.58640131354
1943,666087.0021934509
1944,165719.95361290872
1945,709263.8224462867
1946,2063058.2817397416
1947,391838.78156352043
1948,241294.2222661376
1949,515112.18258316815
1950,512101.9584619999
1951,720894.7647442371
1952,598139.9038901031
1953,644129.9623787403
1954,742111.8411989957
1955,565879.2062336057
1956,459314.85505993664
1957,251385.13750815392
1958,299143.5488639474
1959,89606.72921386361
1960,209667.40416555107
1961,492608.61394791305
1962,279935.6956239939
1963,806934.5393465906
1964,467108.24603766203
1965,1260845.429695502
1966,735041.9035489112
1967,572324.3460543156
1968,875171.6612497866
1969,133024.65980899334
1970,1147396.5238830298
1971,340591.68023881316
1972,1302871.351980731
1973,519267.9498089403
1974,425605.8549558073
1975,334376.321672529
1976,451375.4452802241
1977,699507.1415017098
1978,714767.79239887
1979,605986.7518909425
1980,1350563.7637232095
1981,388387.25388786197
1982,1418604.9029702842
1983,252345.02790883183
1984,765416.6184883565
1985,506319.41676440835
1986,1397683.472826168
1987,198368.67624489963
1988,464283.01931624115
1989,159773.0252249986
1990,627762.2971179783
1991,881047.6853366345
1992,310164.49436962605
1993,433485.02321887016
1994,346006.8311469704
1995,125574.62413088977
1996,702553.70294936
1997,330268.82422578335
1998,177410.98981043696
1999,561642.1022305042
2000,300154.68485945463
2001,685744.2060925364
2002,516200.06448568404
2003,293208.0122048706
2004,256143.09824037552
2005,564928.8640589416
2006,829664.9569821209
2007,964784.7595293671
2008,706350.42212978
2009,247697.47801858187
2010,378521.38885481656
2011,295172.5963559449
2012,645915.9921329468
2013,312323.781321615
2014,196062.79169219732
2015,468978.1729185432
2016,530061.3215505779
2017,255076.57965664566
2018,426838.236476019
2019,269304.8385447562
2020,574416.3272624612
2021,460288.4258412272
2022,356731.1548206806
2023,355934.2901199311
2024,274349.91431978345
2025,589114.2964912206
2026,216219.77275811136
2027,345713.64482173324
2028,287281.0255924463
2029,872822.6159549206
2030,809236.5753509998
2031,698480.7768297046
2032,749592.1090006679
2033,1354338.5438429713
2034,1227028.4129803479
2035,801590.4061352611
2036,245812.36426985264
2037,952287.8142723143
2038,629216.2345582098
2039,116019.0123680532
2040,761851.074318409
2041,550269.4343459457
2042,220927.9298696816
2043,391116.58744469285
2044,1409809.5073525757
2045,383073.4246356338
2046,417661.9066631645
2047,785869.5642329156
2048,626257.9677566588
2049,694073.5601537377
2050,889524.1641534716
2051,767970.8858012706
2052,543185.2565805316
2053,608742.6703784615
2054,141868.81774690747
2055,705959.9634923488
2056,142502.87534858286
2057,493278.2128882259
2058,389285.01963843405
2059,742540.0379712731
2060,188162.8553380221
2061,2029099.2789991945
2062,486946.2690664977
2063,454143.55018910766
2064,310541.01758930087
2065,486628.40774823725
2066,552439.2555858642
2067,1344223.958332926
2068,237203.57489220798
2069,465547.6664579958
2070,521274.82103545964
2071,440228.5436158478
2072,837402.0206419528
2073,339532.1779218316
2074,183587.38919068873
2075,869114.7807752937
2076,621899.3202060461
2077,270914.8532022536
2078,510557.21647515893
2079,686137.5686010569
2080,234177.96490640938
2081,295985.4260484278
2082,224672.07578907907
2083,438838.00928749144
2084,370851.8036669642
2085,563745.0751896799
2086,502596.603229478
2087,140825.42360264063
2088,316338.34529595077
2089,606713.9147851616
2090,346448.6771967709
2091,854592.9872336537
2092,464114.25581373274
2093,687516.6603206396
2094,62710.89374358952
2095,338355.5178260952
2096,484012.2476964593
2097,842412.365608871
2098,408084.89822922647
2099,773308.2645887136
2100,656427.8257634938
2101,489615.67992785573
2102,186421.79267956316
2103,436226.90509563684
2104,473615.8965320438
2105,956689.8360548466
2106,574602.9544481635
2107,463433.9195718467
2108,664162.7771888077
2109,457498.17354799807
2110,228298.7568733096
2111,207185.88649228215
2112,974396.2762141675
2113,926506.0982112288
2114,535120.6661575884
2115,389485.64323990047
2116,326250.926627934
2117,646777.9075167477
2118,595221.9364396036
2119,139302.0231449306
2120,615583.9516537488
2121,245083.47582677007
2122,343292.92095790803
2123,235640.13992583752
2124,490337.4812940508
2125,513135.5044698715
2126,197763.28719103336
2127,70689.41427876055
2128,543370.5821799487
2129,711011.1409607828
2130,628719.8385953605
2131,734474.7317289561
2132,393578.0788807422
2133,352555.7531477809
2134,403743.5960928798
2135,826102.1727368087
2136,238208.13079734147
2137,438340.4292613864
2138,91364.8453270793
2139,613203.1226778179
2140,515858.3571602404
2141,549460.3279040307
2142,547507.8968184739
2143,1303052.7325327247
2144,804399.7727916837
2145,510990.3122551441
2146,837146.0955059379
2147,171103.24225583673
2148,442500.5066266209
2149,644139.9299844354
2150,431718.94815286994
2151,462391.8236833364
2152,661330.9880477935
2153,745498.3359932601
2154,830850.2833492011
2155,518984.64700746536
2156,1421108.19984591
2157,214444.25063575804
2158,186147.10957558453
2159,491467.48639303446
2160,956986.1947814375
2161,233101.18229740858
2162,-273934.82362285256
2163,411288.42806987464
2164,896388.6410611868
2165,642092.3545705229
2166,290012.147152856
2167,293124.33107693493
2168,336272.84800225496
2169,448258.25586251915
2170,306103.699023962
2171,1006868.549686417
2172,393402.66377934813
2173,685763.541194722
2174,481356.61280198395
2175,611202.3261143267
2176,1106405.775625348
2177,551461.1203214079
2178,976041.7612936944
2179,624099.269594118
2180,236948.89414204657
2181,1338558.253855586
2182,129926.42374424636
2183,244877.18938490748
2184,452397.8648004383
2185,289193.831140697
2186,179903.65101660788
2187,215105.62671422958
2188,227535.30115041137
2189,1206439.050964594
2190,863379.5351300687
2191,401462.5040124357
2192,197348.25390055776
2193,464925.0033276677
2194,1282102.1142841727
2195,422945.8864414096
2196,252839.79012276232
2197,537043.22513026
2198,295370.4936994612
2199,455622.727764979
2200,519543.7057697922
2201,411791.8532604724
2202,949473.867564857
2203,401485.22796678543
2204,337091.5392841846
2205,347193.2840165794
2206,347640.4008567184
2207,308433.4362052083
2208,275350.5910780579
2209,468948.0907932371
2210,355267.2576124668
2211,294906.58179214597
2212,514615.345888108
2213,283946.6779868752
2214,564930.9370529503
2215,503657.04991571605
2216,550734.2674888223
2217,466109.3528930992
2218,1280017.8623786718
2219,551328.8840290308
2220,231802.649321571
2221,400441.9021574557
2222,169041.03589226305
2223,755481.4905278832
2224,321590.3139645606
2225,283421.58555085957
2226,390360.4673527926
2227,491160.86081548035
2228,446815.2393296212
2229,427446.12506611645
2230,358516.7225023359
2231,459369.11097863317
2232,408626.97997386754
2233,373244.61978666484
2234,216639.22678154707
2235,637673.9926384985
2236,1170826.3621118218
2237,1169336.8368667364
2238,575086.2026986778
2239,1883732.1491824985
2240,319586.265980497
2241,1446974.3402858227
2242,161293.9276074022
2243,432637.6155425608
2244,826646.1982494593
2245,502366.0408394486
2246,466017.3587729931
2247,680579.6046503484
2248,340596.0492576659
2249,383313.8950713128
2250,656086.5142527521
2251,231465.04066951573
2252,849290.681835413
2253,322456.0287825316
2254,441431.59188628197
2255,135904.95322558284
2256,409033.64767190814
2257,967366.5519238859
2258,240190.53579124808
2259,471563.46395102143
2260,510140.7495371103
2261,246451.72360372543
2262,582965.7531144172
2263,607197.6395337284
2264,1244342.2331409901
2265,553619.0684588253
2266,1009561.8235229552
2267,366719.3266405165
2268,954883.4255952239
2269,367933.75948007405
2270,613306.3501495868
2271,264905.9498823285
2272,1527662.3801696897
2273,128799.1516893059
2274,1443080.2915825099
2275,443181.9578215033
2276,551004.675235942
2277,156949.3747651875
2278,554895.5293357521
2279,1014336.979463771
2280,511212.2073991746
2281,469583.17531988025
2282,388414.8349609077
2283,507373.80324941874
2284,310057.6392890662
2285,581971.9551542252
2286,792182.9730760157
2287,331634.0683732629
2288,169831.48329746723
2289,583087.0559198558
2290,759470.3091216683
2291,263493.11324571073
2292,312735.60641539097
2293,989153.0476157069
2294,720825.9760793
2295,293533.02893806994
2296,735256.1366081387
2297,754811.1649698168
2298,303805.0085359812
2299,216437.7752521187
2300,363225.63681423664
2301,472747.79118813574
2302,104317.5486267358
2303,254735.58503098786
2304,831288.6533647925
2305,307210.0388326794
2306,359156.8049302846
2307,-5895.9654587209225
2308,450814.61345241964
2309,436210.3055625856
2310,1534700.5982278138
2311,256141.86256706715
2312,583038.4970095158
2313,266956.0790949464
2314,478408.0973930359
2315,465505.17030707
2316,495360.9155457616
2317,811204.6967545301
2318,316811.85494208336
2319,453341.4754601866
2320,771232.9528685659
2321,656986.8721797019
2322,711666.5755425543
2323,1253888.2863150984
2324,623157.2707152069
2325,331292.4427342266
2326,299638.7431426197
2327,440679.6276524961
2328,437284.2166517675
2329,1014367.270708397
2330,969917.033152625
2331,122449.68632595241
2332,1267224.902252391
2333,299463.70007005334
2334,773747.6456158459
2335,766938.8324454874
2336,1255279.9849216938
2337,428364.1925586611
2338,461712.27870842814
2339,547387.6469576657
2340,749107.4488533288
2341,314513.31991767883
2342,524309.6091849804
2343,391457.5030518919
2344,301216.20275600255
2345,975685.8625915498
2346,537281.2956839204
2347,346155.1125379652
2348,770415.1875144094
2349,499056.24867650867
2350,341019.7702148557
2351,660318.6947009414
2352,450499.86590608954
2353,838197.218946293
2354,455899.4768269956
2355,390579.21133345366
2356,432992.6477871537
2357,1114637.7616624236
2358,379514.01630090177
2359,1266407.3159761578
2360,234369.4517453462
2361,459717.9888639599
2362,332910.57685908675
2363,285035.57136912644
2364,350223.00940704346
2365,444894.99373842776
2366,515361.39620919526
2367,584247.4821367264
2368,804264.6550457627
2369,573911.8615210354
2370,302488.2355982065
2371,439748.919744432
2372,268940.785633266
2373,534925.3002048731
2374,257053.564432472
2375,258636.25859166682
2376,308509.18346738815
2377,1134825.99321194
2378,563783.7018517703
2379,384547.3143875301
2380,1173304.6134682745
2381,900151.9545213133
2382,777007.7750566006
2383,432517.75684837997
2384,389662.52946574986
2385,438622.7571634352
2386,394732.49369327724
2387,960312.7275716066
2388,454963.22542741895
2389,561220.0009008348
2390,412412.4051798433
2391,1475506.6402477324
2392,736457.1039003432
2393,505443.6116503626
2394,988915.7086231858
2395,1001772.6123310179
2396,873838.3279528916
2397,543833.5889262259
2398,350132.0861302465
2399,351037.80309937894
2400,489951.92952243984
2401,233714.04845298827
2402,331415.8422588408
2403,576627.0472424477
2404,345960.1377829164
2405,191086.03679302335
2406,270269.7816029787
2407,207478.95472091436
2408,595874.2621288449
2409,585696.4309399575
2410,399936.3126589209
2411,588735.4820982218
2412,467761.9626310468
2413,298173.4566048533
2414,648317.667760998
2415,309406.3706381172
2416,857133.8238455653
2417,695499.2972157001
2418,1439234.5824892074
2419,927430.2991772443
2420,757756.1460454911
2421,546684.400013864
2422,150041.76186798513
2423,358181.4673331529
2424,431188.91674660146
2425,546664.1859482974
2426,439686.7818477154
2427,482543.50626055896
2428,577186.4449035972
2429,550164.6125692725
2430,412000.3765833229
2431,623332.3030625135
2432,650583.301117152
2433,356980.5317720473
2434,873963.1005546153
2435,1071397.8675127476
2436,816744.6323012561
2437,322437.34052093327
2438,602334.4998811036
2439,1047331.5593200177
2440,315122.28659439087
2441,794220.0412513018
2442,115592.20085054636
2443,551109.6096453518
2444,52457.02641189098
2445,574378.8059114814
2446,1236822.602064848
2447,385465.4637722969
2448,344887.05492283404
2449,501172.7645420432
2450,575443.1881703436
2451,546183.6140516996
2452,192863.07550762594
2453,1117853.1373939067
2454,613475.8868163824
2455,314720.5103979111
2456,773262.3092014045
2457,564693.5284629315
2458,670095.0063844025
2459,341433.2385481
2460,306970.29658694565
2461,1009783.4773711115
2462,624123.4988369644
2463,888310.1131891608
2464,206992.62944498658
2465,435918.8583587408
2466,382182.4624827802
2467,366492.47667479515
2468,1402407.804911837
2469,1075394.7981578857
2470,246326.04673203826
2471,583229.1696910858
2472,226707.1408880949
2473,541887.8658492118
2474,1482777.903015986
2475,303787.6501478255
2476,698069.5888240933
2477,921029.5363316387
2478,357371.5537364483
2479,289909.2912156582
2480,595173.5552229285
2481,780420.9025118798
2482,602363.2104646564
2483,340407.00861783326
2484,269735.6423265934
2485,815555.3100328147
2486,485502.1917129457
2487,2144621.5546569377
2488,464148.9404588938
2489,754100.0552802384
2490,565663.8961631209
2491,650932.2935985923
2492,446705.04499575496
2493,428382.91967764497
2494,614345.8487467915
2495,328276.25479106605
2496,216143.6414656937
2497,466055.3513549268
2498,275285.4233594239
2499,575731.0351567715
2500,1085187.6594844759
2501,751560.9369228333
2502,419185.39300474524
2503,839431.4791025966
2504,517034.5133996457
2505,435403.74536162615
2506,490042.61160323024
2507,257020.21032185853
2508,410038.8025909513
2509,482651.6054408252
2510,379294.4701682478
2511,339352.07597234845
2512,688762.1466713101
2513,909810.4796103537
2514,308211.00401224196
2515,483513.377339229
2516,745657.7306568623
2517,340454.6892388016
2518,446529.2549596131
2519,937463.163156867
2520,668826.6139860004
2521,1061410.3539139777
2522,349186.428549543
2523,383937.14206798375
2524,1342721.3736866564
2525,209662.90569749475
2526,905311.8066057116
2527,390637.49649456143
2528,415203.99987880886
2529,973714.362411052
2530,308521.5187407732
2531,381795.33383964
2532,400257.88109155
2533,2001603.4794245362
2534,640218.8774934858
2535,1402208.032656446
2536,389666.0026783496
2537,598437.320007354
2538,524007.2007955164
2539,596728.1638963223
2540,445605.96803343296
2541,959505.2628559321
2542,506424.75631800294
2543,862000.6292707324
2544,284545.24068272114
2545,706023.0397805274
2546,304533.17223872244
2547,1119567.4198650122
2548,448117.34939062595
2549,458244.58986122906
2550,238231.1144941151
2551,387659.2868490815
2552,509713.1565671414
2553,366266.13478417695
2554,749120.6676172018
2555,373831.3943390995
2556,295345.31997033954
2557,606080.2978718728
2558,1430220.038096264
2559,646160.6321826428
2560,646326.4256146997
2561,495458.66814245284
2562,531567.3478465378
2563,349908.68488907814
2564,375822.58204603195
2565,563682.2172098756
2566,1189977.8797948807
2567,635895.5517651141
2568,2097838.7509280145
2569,1001555.4135716558
2570,277997.1916114986
2571,359961.8311892003
2572,601814.0215025544
2573,580000.0459198803
2574,372514.1375622153
2575,693799.6062256992
2576,365889.31343378127
2577,245192.81904363632
2578,755350.627998203
2579,615763.4148732573
2580,632148.2980177402
2581,548022.2041201293
2582,440454.71832996607
2583,339898.7433362752
2584,386285.70160216093
2585,408633.0711414218
2586,1188392.6150930822
2587,524496.9432458729
2588,496345.8325187266
2589,1163390.5262580216
2590,179543.3168938309
2591,951737.4302904904
2592,496121.7390317768
2593,568516.8018375188
2594,379545.9211631566
2595,178199.73391854763
2596,933354.7619378269
2597,845478.559911713
2598,565696.0918893665
2599,387733.0985879302
2600,522817.1528259218
2601,181438.44963687658
2602,531632.5651442558
2603,285610.8165857941
2604,348461.25064091384
2605,1174623.6750845015
2606,885560.0902139843
2607,553239.2274361998
2608,452972.5062729269
2609,433313.7854759693
2610,211220.06766295433
2611,516186.8106125295
2612,625992.5229928046
2613,555634.4386286438
2614,583083.4894547611
2615,564526.6983356178
2616,675530.2015070468
2617,914636.9166389257
2618,950219.0979277194
2619,526603.1846738309
2620,347743.2012101561
2621,598172.5176417083
2622,747490.3766391128
2623,518499.4488274008
2624,283591.4061656445
2625,414463.11557507515
2626,764395.2400590628
2627,706503.916789636
2628,318683.0203232318
2629,330900.3634146899
2630,447500.9971321821
2631,417933.58539043367
2632,504570.5651098937
2633,510718.30334082246
2634,320056.5158112198
2635,283044.59091454744
2636,434350.3255646974
2637,444998.82121554017
2638,1670609.6326935291
2639,331275.7743048519
2640,575821.2823318839
2641,396218.16655899584
2642,725970.0263711661
2643,280769.781648159
2644,387811.1042698473
2645,477238.0314179212
2646,517917.93705005944
2647,661224.0624241084
2648,314476.790149346
2649,321275.8734240085
2650,622282.0421252847
2651,415237.6045105159
2652,372086.733235687
2653,389557.40934082866
2654,496804.44431580603
2655,731848.7376471162
2656,800597.6093141288
2657,431054.8442916423
2658,848466.4768895805
2659,406823.49617393315
2660,873054.877194941
2661,368484.16464550793
2662,433271.43003962934
2663,151251.74435015023
2664,899655.847560972
2665,629849.2443349361
2666,1336189.6957589686
2667,759245.3853721917
2668,984032.4500031471
2669,658861.1037534624
2670,293651.23076604307
2671,1407866.0996664315
2672,377927.29859785736
2673,831639.4300456494
2674,691012.880152747
2675,223035.1084919572
2676,275901.2606115192
2677,612648.3135942221
2678,660152.315161407
2679,1003326.118777141
2680,622373.5439394116
2681,1308908.2039322704
2682,592573.4460698962
2683,1177994.821865201
2684,504634.26549240947
2685,227911.7576328665
2686,488707.4541942924
2687,1070563.7392915487
2688,444957.11061795056
2689,410218.8613010943
2690,539247.5139130652
2691,997202.592278868
2692,760860.2030346692
2693,343054.6965278536
2694,1667752.5751315951
2695,287803.977730453
2696,887157.5258768499
2697,1304178.2988108248
2698,707696.1764933616
2699,1078501.7665335238
2700,576570.7520437539
2701,275590.7174563408
2702,556878.1874033511
2703,279915.5837286413
2704,139274.58237928152
2705,385413.15766999125
2706,376173.1824360639
2707,209726.9158346206
2708,415492.763477996
2709,706530.8160596639
2710,466785.4313643724
2711,516228.08395309746
2712,415484.08717130125
2713,399855.91173473
2714,782869.8514571041
2715,1446807.7755930573
2716,421119.7213921994
2717,704384.0266157985
2718,792395.1315628141
2719,506458.0542885512
2720,1702443.7373195142
2721,286327.3792678267
2722,457891.70905300975
2723,266862.39852152765
2724,580732.8637031615
2725,249360.7498949021
2726,691200.3305874914
2727,347586.41445951164
2728,429633.45917479694
2729,965101.650870949
2730,792221.6283545792
2731,428614.80090241134
2732,343917.24985562265
2733,139822.08262391388
2734,482015.6770051271
2735,1232678.712835744
2736,377319.69390551746
2737,690711.0814680159
2738,926302.3997667581
2739,482356.12906329334
2740,382943.9650131017
2741,504468.0900939405
2742,707968.6496861279
2743,606607.0020609349
2744,462440.8011698276
2745,655800.901584357
2746,336913.1957973838
2747,588012.3431530148
2748,571020.4448060542
2749,822558.0341583341
2750,440541.73705355823
2751,712293.7122526616
2752,877077.8948056847
2753,447013.268691048
2754,456344.35804213583
2755,297047.0793187916
2756,464486.1061835736
2757,842660.60560745
2758,847421.4820717275
2759,835091.1228111535
2760,556088.6579241753
2761,187953.7807482034
2762,310316.1820105761
2763,519539.96768963337
2764,523978.5086645931
2765,354215.81369429827
2766,512788.3527113646
2767,368343.2675368488
2768,300011.3666884899
2769,575178.2055473179
2770,439684.60237313807
2771,575727.1784854531
2772,655416.1138134301
2773,371983.15300270915
2774,544266.8553599268
2775,493856.65797285736
2776,772740.706945315
2777,884205.5003039539
2778,420760.19349624217
2779,1363528.0405491292
2780,494993.6759659201
2781,618235.5338670462
2782,1373084.7585464418
2783,483980.5491159409
2784,729059.9758095741
2785,446424.2491759062
2786,326643.13843235373
2787,890737.3088994473
2788,449512.1368576437
2789,392710.32382410765
2790,760647.0191807747
2791,541859.914587155
2792,573148.6870881468
2793,403196.56047964096
2794,874789.7500681132
2795,1106752.8188496828
2796,618970.3223079741
2797,992201.5358451158
2798,340535.3012558073
2799,536749.541746512
2800,616472.6646447182
2801,411190.73841135204
2802,1965546.7926969677
2803,589634.371716246
2804,687712.7498565614
2805,298653.86862015724
2806,2015784.4535315186
2807,519714.2761262208
2808,1065716.46803312
2809,269877.8715800792
2810,212947.96583089232
2811,796175.1932367682
2812,674489.482180655
2813,533454.232611537
2814,798498.3222648948
2815,487849.1279108077
2816,629789.3755940944
2817,357052.97165469825
2818,983011.3832175136
2819,352601.29145775735
2820,485006.90326321125
2821,304520.44438530505
2822,408996.01415871084
2823,359196.13800282776
2824,592150.7155734003
2825,553271.3042275757
2826,375830.5226238966
2827,590534.3339565694
2828,199439.84947523475
2829,453180.3385064006
2830,619281.2343100905
2831,754955.6503836215
2832,479898.4508115202
2833,453555.32700559497
2834,426718.9132820368
2835,934640.7510342747
2836,923886.6622429937
2837,472402.6055685133
2838,763071.4152466208
2839,749967.2063999772
2840,287163.7946843803
2841,834984.0162953883
2842,505972.70566880703
2843,446768.3568690866
2844,473489.4026129842
2845,212687.5464965701
2846,1344538.765558079
2847,583975.2684462368
2848,572056.2323004752
2849,287349.6018179208
2850,621767.4534742534
2851,743542.9264183491
2852,622478.8895259947
2853,834395.9738476872
2854,928037.4816171229
2855,305170.32982830703
2856,437492.0723069012
2857,418036.4211680144
2858,725312.7030134797
2859,577576.1941089779
2860,631774.353914082
2861,255208.29813557863
2862,1533105.58516486
2863,358264.5620574504
2864,1557844.464198038
2865,378981.66247433424
2866,518457.4823643118
2867,948733.4471925795
2868,224687.83770354092
2869,354690.19162124395
2870,297458.2986177951
2871,1048317.9322193414
2872,330921.5220005959
2873,412255.5265765041
2874,427953.73520328104
2875,784475.4746274203
2876,1019194.9180871695
2877,391723.4869983196
2878,1732398.9011957645
2879,478297.57227261364
2880,704564.8392832279
2881,573201.0985593796
2882,654896.2768029869
2883,472200.24405029416
2884,1026047.4055937231
2885,460825.2267276943
2886,614592.3207457513
2887,235961.0093266517
2888,713385.4607191235
2889,577741.0642941743
2890,682210.3566436619
2891,712360.2976962328
2892,456988.4566280395
2893,221267.5608406961
2894,1449962.1237781644
2895,508418.32815250754
2896,585001.4955108166
2897,448281.8160353303
2898,620962.3125261664
2899,877913.6363286078
2900,296739.4257787317
2901,643612.5245282203
2902,394415.85017445683
2903,659799.0170095563
2904,364665.305334121
2905,758010.7597194761
2906,957674.8206066489
2907,1030440.1950006932
2908,894653.716664061
2909,412178.15362513065
2910,712383.110432148
2911,549816.6656314135
2912,640929.0184986591
2913,1050248.706481859
2914,790136.021129638
2915,865011.5211595744
2916,595137.2927088141
2917,378896.2032972425
2918,409663.9349769205
2919,737012.7037748545
2920,788424.328831464
2921,309547.78592063487
2922,221406.3688414693
2923,405087.26451450586
2924,632179.9243873209
2925,448436.6072191596
2926,927558.2023061514
2927,358951.9265535176
2928,516724.0211392045
2929,503329.81984113157
2930,145832.5909793526
2931,340076.98370945454
2932,412380.0517933965
2933,640617.7573685795
2934,1500052.7625750601
2935,1027323.9299938679
2936,558336.3529777676
2937,390600.63502669334
2938,438372.073429212
2939,597252.3326877803
2940,607018.1598757803
2941,518514.02705796063
2942,506097.792856738
2943,2221157.4373021573
2944,620666.5201723129
2945,824868.8758073896
2946,661972.2434720248
2947,739354.6615560949
2948,786705.1693502367
2949,925855.4588441104
2950,324741.897291407
2951,665337.6678511053
2952,451834.19921952486
2953,202833.08603657782
2954,1290677.4234746844
2955,680220.9380275905
2956,423539.2250330746
2957,1554291.7847462445
2958,570792.809629187
2959,441972.37511751056
2960,792747.4214570671
2961,987930.0657229424
2962,793624.9796566367
2963,565444.1674283594
2964,293962.64299981296
2965,538026.3177627176
2966,296290.58163806796
2967,1104056.8731850088
2968,615601.0528401434
2969,163445.3110254556
2970,396109.8533420414
2971,768792.019198373
2972,655416.7976661026
2973,798049.1201616526
2974,660381.6318608373
2975,507443.1408699006
2976,499957.07126545906
2977,1356618.9169906676
2978,505190.6902317703
2979,298371.3624045551
2980,640347.8441601098
2981,347387.15648038685
2982,514140.50040932
2983,332206.4333858937
2984,263430.16753065586
2985,1099241.4567504376
2986,432140.2626463175
2987,359764.67814928293
2988,831339.8954806626
2989,270740.01456572115
2990,894684.9961761981
2991,508231.19208189845
2992,211571.68595519662
2993,485554.0668913275
2994,255377.6813479662
2995,427770.0316489339
2996,340750.323199749
2997,258953.37799611688
2998,462830.6918737143
2999,251267.7243243307
3000,1037385.8637447059
3001,173158.54843594134
3002,401088.45277038217
3003,230663.8858203441
3004,192074.95329150558
3005,2214579.126604274
3006,1335205.168640256
3007,205620.95230571926
3008,305335.0560127646
3009,314369.8787256777
3010,310369.9637992978
3011,585184.9445062131
3012,718222.9161226451
3013,523073.6169324964
3014,394194.3132323921
3015,804537.0933648497
3016,621844.5873455405
3017,552528.6986850798
3018,531132.9216906875
3019,912834.4518050998
3020,415884.2369044721
3021,448073.9389156848
3022,391131.9976977408
3023,231947.15557277203
3024,126773.46021652222
3025,526674.660822615
3026,701732.0789441168
3027,562997.103706494
3028,491032.9574393779
3029,350665.94220787287
3030,434708.7605397701
3031,117874.07731489837
3032,1302525.6957209408
3033,614567.2636443526
3034,319163.69920386374
3035,2184744.27422975
3036,1929831.1519176513
3037,565610.0694725662
3038,402459.04693076015
3039,356474.49779959023
3040,458586.026778087
3041,545027.2764224857
3042,409422.6940360218
3043,326243.220449239
3044,351595.96611343324
3045,443033.4000068903
3046,365871.21117150784
3047,501429.9062201828
3048,343249.0545757711
3049,349980.2932190895
3050,1309498.6974424273
3051,880990.3889639378
3052,1207952.0733391047
3053,798556.5489707887
3054,946444.1446324438
3055,1249722.8497808725
3056,383883.20249032974
3057,311234.1930999756
3058,333313.2037528008
3059,740317.3878531158
3060,730856.0291513056
3061,549691.0947266966
3062,250538.81272283196
3063,362061.510330379
3064,420980.3767030984
3065,829971.3662933409
3066,415079.5160088539
3067,760057.3895552903
3068,490638.67089147866
3069,250868.194498837
3070,257197.3880302459
3071,514800.5571473241
3072,426032.21879059076
3073,744680.5490237474
3074,348503.3255035281
3075,333531.4879219532
3076,682791.3295318186
3077,528409.1161870211
3078,694259.7816541493
3079,1721018.5205421597
3080,877349.2132859528
3081,829561.3932278603
3082,295978.78495948017
3083,650700.3326820433
3084,483399.6260613203
3085,670070.7033305615
3086,699177.8233719319
3087,634947.0497401059
3088,924808.0083530545
3089,473688.3860990852
3090,526711.5742660314
3091,1151058.072150007
3092,465863.02504855394
3093,345960.70432309806
3094,263945.3773250133
3095,300898.3166350275
3096,217602.07989014685
3097,774502.8478786051
3098,424113.9802906364
3099,441136.1110659689
3100,137215.16741864383
3101,731453.0682611763
3102,666141.7035326362
3103,280506.6156415045
3104,517446.2032981813
3105,158227.22016346455
3106,928442.8823420852
3107,446023.77401942015
3108,550197.0980331451
3109,548310.8148492873
3110,203659.2069107294
3111,383150.40350431204
3112,496488.09723451734
3113,197498.82756897807
3114,658639.088679716
3115,620731.23275204
3116,330991.1480461806
3117,1058152.4579588622
3118,534738.2952124774
3119,417611.75981369615
3120,200243.35357534885
3121,694580.2244305164
3122,581100.0788216889
3123,447545.70985105634
3124,666641.4860162437
3125,532530.6136384755
3126,126614.66321511567
3127,568382.2955094874
3128,823643.6295206547
3129,650992.6663411111
3130,604812.9369157106
3131,1077056.5448637605
3132,1271508.1604548544
3133,259730.26287266612
3134,439576.0590388626
3135,1096779.840867564
3136,896663.7313897312
3137,291402.5823956281
3138,883950.805458799
3139,602431.710592404
3140,780054.7237564176
3141,350565.5186391175
3142,349593.0644761026
3143,784480.6322320998
3144,1232513.6418932378
3145,498717.21761131287
3146,621394.0957544893
3147,377042.10050456226
3148,614171.2273687124
3149,552919.6244877279
3150,304233.73118269444
3151,2184491.5998499542
3152,407575.6871164739
3153,347711.86976227164
3154,515268.1699937433
3155,402118.05630508065
3156,478000.36001971364
3157,506507.5872872621
3158,809401.2824844867
3159,193815.9569027573
3160,652795.0939233601
3161,693457.8820030689
3162,1954148.3084390312
3163,907205.833962664
3164,491089.00270852447
3165,838651.2387671918
3166,258932.24356856942
3167,723034.9044526517
3168,1208317.3927855343
3169,361882.12949974835
3170,1886993.1824587882
3171,774055.6445973665
3172,241021.60201872885
3173,485460.0381743312
3174,520428.9747021049
3175,757585.9504877031
3176,885867.7907386273
3177,712523.0743323863
3178,1009270.2928768098
3179,737021.0561419874
3180,301511.0942634493
3181,1666010.9303812087
3182,595186.609151572
3183,607388.0922271311
3184,444472.175791502
3185,384552.3807642758
3186,444579.82453738153
3187,329487.23895962536
3188,504509.8967447579
3189,185098.1887601167
3190,487584.1553937942
3191,498211.58959685266
3192,407633.4336402118
3193,544888.7998303771
3194,899795.4230423421
3195,409080.2600836605
3196,630249.9382918328
3197,711969.6862062216
3198,1143473.5395415127
3199,998941.0136116147
3200,259029.8003822714
3201,658946.5315074921
3202,722277.0433294922
3203,834700.4439558536
3204,430925.9899815023
3205,230025.82264867425
3206,754853.2738128155
3207,532350.5808300227
3208,516769.97013010085
3209,1020490.5630623549
3210,1298840.9307895899
3211,875671.7384724915
3212,544007.5024151206
3213,310388.1762133688
3214,299636.2655289173
3215,509977.0913090259
3216,318729.7985805869
3217,236016.9744387418
3218,359974.7939673364
3219,482054.8027265221
3220,558246.1109083891
3221,782038.5359545797
3222,246299.57126753032
3223,492917.92008535564
3224,449809.70077461004
3225,687017.2841341794
3226,418584.7708545476
3227,309854.6369190365
3228,1142786.5197821856
3229,506261.90696521103
3230,927953.9684333801
3231,510088.94486676157
3232,593353.3794874102
3233,466926.9248826057
3234,537281.2956839204
3235,572795.9985397607
3236,697231.8743962198
3237,1875384.5895267576
3238,644901.0837839097
3239,526691.4418841004
3240,909648.60454759
3241,646681.7684500366
3242,305897.62563221157
3243,184225.7272707224
3244,1127857.630478382
3245,1461862.9205607176
3246,369505.312510103
3247,141523.54375642538
3248,364603.5676769018
3249,200185.45977437496
3250,450125.39785152674
3251,417933.58539043367
3252,812924.2286284715
3253,376164.830068931
3254,594489.960319683
3255,488565.7553461939
3256,366736.343371585
3257,440799.5925310999
3258,471530.5706076026
3259,685463.6462790817
3260,239195.26217661798
3261,531738.7197695374
3262,181948.36454877257
3263,399665.62869377434
3264,395818.77780130506
3265,400528.1776947528
3266,390112.3959161341
3267,361746.6476281285
3268,677212.2075167596
3269,325069.39751057327
3270,924382.8933472186
3271,471684.2853424549
3272,318080.708253175
3273,1567961.0712969303
3274,525295.8261334002
3275,417585.90353542566
3276,402785.7300979942
3277,703368.3020191193
3278,482638.4116587937
3279,1101753.3969470859
3280,666125.040253669
3281,476067.5051558167
3282,409428.5527911931
3283,216832.5173612684
3284,280771.1443398893
3285,384118.35802955925
3286,446996.83550328016
3287,745153.1527759731
3288,1727284.766824901
3289,114914.85483504832
3290,275894.4346654415
3291,316017.4958511293
3292,293760.68609274924
3293,807771.5774772167
3294,415577.7449287474
3295,620974.4297785759
3296,708213.4836584032
3297,893414.2655311525
3298,331349.36161106825
3299,388051.385217309
3300,677369.4907281995
3301,170684.42177304626
3302,1041398.4143676907
3303,1023015.2925230414
3304,483621.35791540146
3305,506753.4039644301
3306,666053.9380732626
3307,379002.14254413545
3308,477900.62024384737
3309,350770.87432430685
3310,410952.35052233934
3311,516470.9507597387
3312,637191.0938214064
3313,190456.3101861924
3314,358685.49285928905
3315,302586.54275915027
3316,301269.2067720443
3317,1011553.413664937
3318,827508.6703228801
3319,792650.734348625
3320,300337.6794423163
3321,638376.2822043896
3322,174675.84046380222
3323,180593.8950970769
3324,335373.47136949
3325,475623.74956046045
3326,323679.3939356357
3327,228020.0927183926
3328,747270.7404995561
3329,995761.0688323826
3330,1057513.3237309754
3331,344752.84244564176
3332,583682.0234703124
3333,1299551.9393108934
3334,561498.8874707371
3335,1028236.1412449181
3336,313352.73988699913
3337,428369.7986871004
3338,352511.831827417
3339,411136.0508867502
3340,141245.30852992833
3341,505173.46673732996
3342,740218.1695808172
3343,541291.8197731227
3344,352556.1169564575
3345,863593.2145048976
3346,259839.86829666793
3347,217019.58398880064
3348,132557.77494977415
3349,535316.9001657516
3350,924545.2087456733
3351,389597.4204017371
3352,489430.373393625
3353,779482.3080204576
3354,590534.3339565694
3355,652693.733328566
3356,803843.631754145
3357,369364.4386445731
3358,596574.5700768083
3359,332780.4649978727
3360,581968.7603546977
3361,800919.4535507262
3362,571694.5593888164
3363,325269.5107911229
3364,417714.53173966706
3365,743538.2437986284
3366,785374.4023796916
3367,451076.37670727074
3368,706930.6468955278
3369,440054.91060623527
3370,298902.87217924
3371,998339.8656868786
3372,570709.6513718814
3373,244523.2370366454
3374,1711138.695567593
3375,285036.4166851789
3376,861265.6734550744
3377,410272.41773048043
3378,455796.219977811
3379,515428.3516240865
3380,545578.2926766723
3381,230063.19467934966
3382,506468.84458351135
3383,377863.55804640055
3384,1191287.2582119107
3385,578210.8945735991
3386,1004178.2123908103
3387,236419.38875998557
3388,296921.67031645775
3389,769100.5538118631
3390,138558.6130475849
3391,978176.3024368435
3392,911474.1998778135
3393,506773.98126767576
3394,569208.991633758
3395,981603.6065303385
3396,186792.57586158812
3397,401086.76416274905
3398,449864.66876505315
3399,186373.31522209942
3400,312966.2775799781
3401,644198.6501653492
3402,500077.7735082805
3403,569416.7012854964
3404,415235.9305393547
3405,819973.5767880231
3406,541215.9520048648
3407,326848.2219311297
3408,566001.2155198753
3409,253382.94452749193
3410,684929.9482066184
3411,362547.59474004805
3412,331800.0800870508
3413,1153461.9487257302
3414,509179.61158405244
3415,423459.6597968936
3416,256455.2394347936
3417,374895.99673838913
3418,242203.69854070246
3419,390671.2004920542
3420,402897.2344030738
3421,613487.2573615611
3422,620175.452907458
3423,604006.2975026816
3424,334336.09839610755
3425,517124.1522760391
3426,383620.15375234187
3427,285223.3838762045
3428,463981.195332706
3429,459098.76792411506
3430,350366.5999535769
3431,639904.8484573811
3432,868241.1540585309
3433,359148.53733207285
3434,512131.1650031954
3435,310385.36020323634
3436,858022.1350042671
3437,348632.7083657235
3438,354047.02785116434
3439,1202039.811424017
3440,557900.4129661471
3441,323131.4217723608
3442,709931.4316310138
3443,632872.1389937252
3444,278649.85220603645
3445,226609.03822045028
3446,174735.6308350712
3447,487317.9696712494
3448,1322526.0300816745
3449,638479.7109551728
3450,329801.85618659854
3451,292943.3694689125
3452,641206.7224191129
3453,310001.03239908814
3454,385506.7989952117
3455,701979.824557513
3456,477027.8967514038
3457,347664.2028694898
3458,595314.1989668906
3459,262725.73795440793
3460,451129.1344861835
3461,990461.0439608395
3462,196647.3273037523
3463,650865.3502572477
3464,744832.51074031
3465,675750.7259290516
3466,262102.41870856285
3467,377448.66799138486
3468,351180.755668506
3469,117217.15402509272
3470,890585.5076749772
3471,768617.0048787445
3472,1074711.5449573994
3473,625888.4749463946
3474,270274.9445513487
3475,1047658.0351869613
3476,534766.7763332278
3477,2083964.4837524146
3478,549235.9974935949
3479,971797.4369332492
3480,674274.5881036967
3481,727619.5433923751
3482,503448.83481806517
3483,421827.9672950804
3484,489264.2129294127
3485,788462.2441595197
3486,660085.4266924709
3487,130985.78695952892
3488,605906.08777453
3489,387119.04783059657
3490,421707.52985811234
3491,244252.13551186025
3492,680441.2785445303
3493,515125.46548195183
3494,603724.1851379573
3495,588892.5376019329
3496,499688.6019368768
3497,572932.7017216831
3498,449964.21518704295
3499,601599.3298752308
3500,460861.0526021123
3501,758945.8641647398
3502,777227.0108578354
3503,570319.7965336144
3504,645749.5074416846
3505,499862.09103409946
3506,195967.2500769198
3507,302350.54901361465
3508,473599.38153482974
3509,429757.79840907454
3510,444179.1083522588
3511,623841.2342615426
3512,506826.36994315684
3513,543231.2505304366
3514,483860.8175302446
3515,322071.07763031125
3516,418894.61601012945
3517,207696.58718162775
3518,307334.7262391299
3519,1158801.7309439778
3520,332628.311180532
3521,361057.40241225064
3522,408576.18883007765
3523,1314996.5663285106
3524,322352.4399652481
3525,632114.8885492235
3526,907207.7237303853
3527,508612.0571363121
3528,1008576.2808552384
3529,209205.82530622184
3530,493104.3846397847
3531,698528.6465405524
3532,745043.6073147506
3533,1413978.0209035128
3534,1137672.3616262227
3535,420980.3767030984
3536,742850.6835523993
3537,384355.00996774435
3538,1024946.9233838469
3539,669853.02996701
3540,1570986.9175506085
3541,375310.90799741447
3542,480052.83073204756
3543,309592.36867854
3544,354854.1805579215
3545,609186.5326927602
3546,491799.34595654905
3547,759657.3885543495
3548,1613229.95996283
3549,333176.6438026428
3550,744992.0579680502
3551,1273242.37568748
3552,507171.59713199735
3553,980993.4620825946
3554,612822.1328077316
3555,339249.5861313045
3556,340051.92660807073
3557,491737.14561747015
3558,248880.11263211071
3559,364539.68483419716
3560,504268.82094830275
3561,433546.621743083
3562,1046781.0119377524
3563,257247.5520592928
3564,830430.1202257276
3565,424413.9977739006
3566,448495.74788315594
3567,494239.05187653005
3568,312139.81936353445
3569,332982.2707211524
3570,586181.2548135668
3571,640847.5292472243
3572,409268.4604372531
3573,542138.7962110937
3574,1160936.3024988323
3575,907232.8882950544
3576,752443.391872853
3577,205495.7213512063
3578,621431.7692619115
3579,471269.59851942956
3580,394595.44104617834
3581,884224.503039062
3582,943853.5429504663
3583,352382.18840922415
3584,1071012.4565008283
3585,482943.0039881766
3586,270615.48451183736
3587,569617.6899276674
3588,275473.11069631577
3589,397572.6622661054
3590,435124.0721872449
3591,558880.6629847288
3592,807263.4406320006
3593,362921.9337500036
3594,281927.96126556396
3595,552758.9882137775
3596,519174.505138427
3597,369698.5864959359
3598,375633.9300453812
3599,424172.11429822445
3600,503306.7929010838
3601,499918.9103657454
3602,1143677.7202176154
3603,373194.30444580317
3604,823515.4500997066
3605,870824.2092350125
3606,157962.39669848979
3607,1480229.936058253
3608,875078.3164541423
3609,286680.577667892
3610,337813.3400709182
3611,441991.97012639046
3612,925368.9604787081
3613,272791.99960424006
3614,479715.7281047106
3615,573701.6245575249
3616,178128.53956070542
3617,291497.0254779756
3618,296455.58628994226
3619,692957.72474958
3620,277575.96334405243
3621,548874.3558703363
3622,356188.0796312094
3623,299848.5643466264
3624,526196.8184622675
3625,242093.52647411823
3626,649057.9803588688
3627,710230.8131114244
3628,451789.2233569771
3629,389337.58157242835
3630,1399383.106998533
3631,1273794.4283224791
3632,511568.4585250765
3633,1586726.8834581673
3634,288121.4851410389
3635,243155.58657452464
3636,763397.5293968916
3637,674887.1126613319
3638,363892.23779304326
3639,798834.311930567
3640,497080.91165679693
3641,197498.0795892924
3642,126235.17948822677
3643,1162466.2433722615
3644,1006752.9256094396
3645,483495.190663442
3646,371726.5157728791
3647,487526.70014221966
3648,477032.93859118223
3649,1005941.6255036145
3650,994351.8071401864
3651,370421.11876028776
3652,431765.81170012057
3653,254606.62570008636
3654,940151.6126357317
3655,738737.5526028723
3656,223774.0557422489
3657,415492.892129004
3658,593164.3882746994
3659,525604.8874550462
3660,709411.7935117632
3661,772494.5689085573
3662,511919.617089659
3663,557640.5818255544
3664,511165.8358838707
3665,425288.6134880632
3666,665765.8664005399
3667,437366.63131281734
3668,256313.80301374197
3669,423426.39894786477
3670,508509.23687526584
3671,430401.15860565007
3672,98619.72309345007
3673,416501.4034499079
3674,575799.8529998958
3675,222661.97426837683
3676,1096181.7386554033
3677,800260.3037140816
3678,256594.27330566943
3679,91359.80347813666
3680,354168.65858630836
3681,480022.2903185338
3682,386797.1641666889
3683,1551617.1616469324
3684,762356.914930284
3685,855827.1440882683
3686,660392.4808390439
3687,280472.6611689925
3688,294386.98813045025
3689,402670.83093844354
3690,501376.2548466176
3691,936238.856527701
3692,1046530.7177563906
3693,240679.5614425838
3694,405633.8730248511
3695,277257.3180498779
3696,354080.8051160723
3697,550160.7984289527
3698,950182.5036316067
3699,591035.1995687932
3700,417113.6095633656
3701,889680.8070058972
3702,511860.03880012035
3703,599586.7729200423
3704,752406.3941629231
3705,393379.8733943999
3706,1457764.0959831178
3707,893989.7407809943
3708,751438.3676911592
3709,300788.2856822908
3710,413622.7700342536
3711,795038.4266093671
3712,462482.1628370285
3713,577551.0101108402
3714,350041.4351350963
3715,441542.7766316831
3716,336288.6653789133
3717,518385.875043273
3718,639116.6034392416
3719,804437.3127523065
3720,553156.1253497899
3721,641733.4361256063
3722,657109.4401140511
3723,914724.2871755362
3724,212098.36958782375
3725,314148.97467018664
3726,300826.0854253322
3727,701333.7374167293
3728,314031.3334019184
3729,407926.71912799776
3730,498170.67148801684
3731,438490.1678465605
3732,600544.5653835088
3733,217012.86810812354
3734,1117832.1288767755
3735,739674.3195704818
3736,593423.5574742109
3737,331217.0177858919
3738,268887.9471538067
3739,307738.12229664624
3740,866493.2221904844
3741,436123.0340387225
3742,536332.4830684066
3743,1051514.0756260008
3744,838795.8433124572
3745,595229.1354563534
3746,766455.1225954294
3747,259036.70650421083
3748,297109.0259860605
3749,442992.07424739003
3750,2368202.8521597236
3751,360002.8351433426
3752,176716.42018975317
3753,292115.6647076905
3754,290860.1690043956
3755,548599.6784287989
3756,414699.55932302773
3757,234039.25936096907
3758,528283.0535831451
3759,928910.8678976446
3760,2308673.460209787
3761,484854.7608342469
3762,931404.4250968546
3763,686518.7231460661
3764,762368.381097734
3765,615367.1919110715
3766,143968.47718682885
3767,1037095.9936808795
3768,353321.89081938565
3769,716598.5316366851
3770,739184.7885877043
3771,284410.1021620631
3772,612131.544741258
3773,549272.3572555184
3774,750526.132719636
3775,293064.9621835053
3776,744333.8706851751
3777,319492.7494612634
3778,437292.0058955848
3779,441717.0618058443
3780,213988.6479419917
3781,859129.2995161265
3782,759847.777159661
3783,648843.2409324199
3784,422115.57375337183
3785,551460.5533865839
3786,429224.3773266077
3787,388836.173880592
3788,347900.3813344389
3789,281951.72314089537
3790,260169.18126827478
3791,430180.4060525745
3792,866164.0352988839
3793,493373.0697411597
3794,643849.31608738
3795,624130.6717329919
3796,358216.3490168303
3797,122989.29424893856
3798,586924.483218044
3799,400147.3999354392
3800,674488.403600663
3801,561293.6677038968
3802,213844.82927455008
3803,213031.60395146906
3804,561575.3304752707
3805,146881.66523475945
3806,636361.3572232127
3807,875004.406075865
3808,861564.0124533921
3809,382168.572280705
3810,603211.6786082387
3811,336223.9410542846
3812,644588.8479335606
3813,788843.1672086716
3814,756203.5035497099
3815,1393673.0520265996
3816,362788.6556340307
3817,302863.79961942136
3818,463197.02203668654
3819,295940.50803641975
3820,475219.1416710168
3821,549064.559332937
3822,633750.9466958791
3823,417925.23302330077
3824,970492.8889526129
3825,348035.330313161
3826,447319.99369959533
3827,312702.2372917831
3828,761490.4966004938
3829,689451.150290817
3830,978375.8696504235
3831,495487.93679249287
3832,684726.6098037362
3833,578096.5025546402
3834,201619.05503685772
3835,560641.6962853223
3836,504501.544377625
3837,356752.3665969074
3838,725231.7625048459
3839,374454.8958263397
3840,586973.7728366107
3841,552739.0585805029
3842,312202.4550912231
3843,580429.5545566976
3844,411687.6813763529
3845,253206.08633196354
3846,491269.31780795753
3847,288486.27918048203
3848,563611.0085326731
3849,200935.10372188687
3850,169972.02367648482
3851,1215042.3201453537
3852,740764.6906289011
3853,902384.8954553604
3854,829059.6014069021
3855,837369.5417507738
3856,554128.3470720798
3857,885446.5129650831
3858,1566434.8599816263
3859,1070269.4433908612
3860,1248137.8386933059
3861,191027.54700392485
3862,396717.5890315473
3863,698690.169498682
3864,1135711.5768437982
3865,348360.9648773819
3866,301090.2655144632
3867,616918.0338246822
3868,1012727.2153062224
3869,420037.78722305596
3870,387021.2214628905
3871,532823.8449620306
3872,940328.4291651696
3873,890521.8623419255
3874,381991.11048801243
3875,653683.224603042
3876,1301503.129841879
3877,90901.48069252074
3878,619226.5856359899
3879,938639.844681263
3880,257036.45765042305
3881,822952.5369074792
3882,621148.6851881742
3883,778629.2814271003
3884,584605.4831212014
3885,923052.3782111108
3886,775113.338100642
3887,520167.33097846806
3888,787957.5877332091
3889,804029.1572458744
3890,356244.32129079103
3891,690583.61818403
3892,236886.8457263112
3893,397524.5510035902
3894,403495.91220217943
3895,266003.798640877
3896,623552.6085513681
3897,285143.87227603793
3898,554651.9824119508
3899,494194.80385170877
3900,507817.7391863167
3901,508709.854777202
3902,612794.4072129875
3903,711848.8189463615
3904,402391.2924680561
3905,438599.11523894966
3906,937075.2320989072
3907,399771.65153342485
3908,444895.03058514
3909,464366.8066559732
3910,704532.7124994099
3911,2067381.8299371898
3912,619563.4381669164
3913,492915.60309305787
3914,818755.8785779923
3915,597635.5783343315
3916,584450.5955886543
3917,740030.6597403139
3918,1179428.2376393378
3919,280743.1273973733
3920,505597.2385074049
3921,356108.06706276536
3922,554323.8661493957
3923,861472.1302780807
3924,645759.3911341131
3925,266497.5804567933
3926,276670.10780516267
3927,313503.93956772983
3928,435052.22107589245
3929,756343.6464874297
3930,310412.4724813998
3931,166196.48664151132
3932,359690.7017351687
3933,517802.6070024073
3934,538971.0941861868
3935,550213.4414369911
3936,171425.48355796933
3937,969338.2285291702
3938,293239.10355964303
3939,472492.5708537251
3940,318047.10362145305
3941,472542.8483399749
3942,229323.85332210362
3943,565003.2586304843
3944,587705.677868396
3945,836647.7750809193
3946,195019.2196072787
3947,975401.4761376083
3948,230040.67003127933
3949,297818.0867628306
3950,512400.39290720224
3951,408847.48851905763
3952,339499.55397577584
3953,945379.6929225326
3954,575339.8331913203
3955,405457.8257188201
3956,601825.038950935
3957,553082.9750445634
3958,843111.5336561054
3959,482981.90146380663
3960,458375.8069127798
3961,590111.439017579
3962,360479.7007435858
3963,623113.8045894504
3964,917089.31651932
3965,596448.5563935935
3966,192811.05406363308
3967,549081.2640672028
3968,1445518.839992717
3969,589460.251623854
3970,700943.74034293
3971,749709.3086158335
3972,589626.2335053086
3973,482093.0421153158
3974,615967.5478095263
3975,521508.3857193738
3976,497225.3773559779
3977,415385.9393442124
3978,413886.3207375705
3979,284869.4998153448
3980,376500.50085681677
3981,407413.9820496738
3982,269636.88467380404
3983,726347.2701643556
3984,617166.5523869991
3985,886602.1290349066
3986,281914.64610901475
3987,432013.9883425981
3988,302712.4211485833
3989,252636.12862460315
3990,702704.9140541703
3991,458777.02372576296
3992,599966.115738973
3993,1185091.3088906854
3994,667595.6088694185
3995,338724.395208925
3996,261244.0154876113
3997,553421.2988614887
3998,634169.5553020239
3999,289658.25474737585
4000,479414.2568593472
4001,418982.6053069383
4002,172332.33357845247
4003,315778.26892234385
4004,691031.0875179172
4005,139044.93329319358
4006,464181.92961613834
4007,425052.0978207141
4008,389505.84177424014
4009,285530.27387198806
4010,428942.1280748844
4011,577528.5480186045
4012,447430.9969961196
4013,263212.8665551543
4014,1346436.3663257658
4015,487076.9526337385
4016,426546.1624763757
4017,321058.2504313588
4018,412959.52654349804
4019,596167.0298076868
4020,1572777.7913927138
4021,612881.8941154331
4022,444248.1884993166
4023,615836.5793588907
4024,602441.501662448
4025,306194.46633307636
4026,1583303.5242089033
4027,786444.6514752656
4028,759671.3158590049
4029,516075.0056464672
4030,740054.8477984518
4031,1343679.0150895864
4032,831460.7683111429
4033,953977.2172316909
4034,302682.2653928548
4035,674545.4463091791
4036,254305.45591074228
4037,845150.2463213801
4038,1002709.8168512136
4039,424650.0259948969
4040,712445.0671001226
4041,379846.2276382297
4042,299998.38681195676
4043,1608196.8445824385
4044,299509.5241932124
4045,299868.8332326412
4046,677780.5496567339
4047,351330.70042695105
4048,285436.5346735865
4049,481380.408594653
4050,313589.03504888713
4051,763036.3269530386
4052,585937.5758631676
4053,405511.5792873949
4054,2038955.943489492
4055,617215.6999692172
4056,826465.401518017
4057,409276.812804386
4058,576326.3078989387
4059,628698.4015537202
4060,721473.6489191651
4061,220186.35359069705
4062,545859.6184597015
4063,651571.6154469252
4064,610620.1369472593
4065,917284.2024199367
4066,299564.3479375243
4067,729298.8751504421
4068,490047.7834427804
4069,743104.9823231101
4070,195007.4323259741
4071,698336.8812013716
4072,309598.4464689344
4073,392728.15705262125
4074,365066.5919653475
4075,249522.58408269286
4076,516151.71456618607
4077,750026.8860121071
4078,1857086.6715825498
4079,498871.2622500807
4080,361695.95809325576
4081,365374.53534698486
4082,1422056.9476483464
4083,415283.7401365191
4084,754825.7679246366
4085,919230.0494927615
4086,390300.7588631511
4087,406756.8142297715
4088,323394.0519312769
4089,479997.76544182
4090,474093.2879037112
4091,410335.24159015715
4092,540375.1778256446
4093,1210402.3205913603
4094,618834.3904795647
4095,506652.9803956598
4096,309857.1945015639
4097,374454.8958263397
4098,357938.8122783601
4099,342106.43058268726
4100,355130.1970488727
4101,285785.3503944427
4102,360203.6261921972
4103,472798.9726410806
4104,939354.7911954075
4105,792513.8564777523
4106,633501.4410671741
4107,332313.0705524236
4108,248469.67101499438
4109,728466.6419821829
4110,236184.4063858688
4111,580624.258295685
4112,379315.5649408102
4113,826218.7592518926
4114,263275.4626133889
4115,358683.51883378625
4116,377853.4584477246
4117,348199.5166092068
4118,552585.5553319901
4119,391088.12169630826
4120,917273.2637593746
4121,252359.52514356375
4122,309547.78592063487
4123,774980.7357784063
4124,973986.0000366122
4125,351443.10214315355
4126,496627.09154199064
4127,595105.2473772466
4128,793281.1661151499
4129,648432.2614305317
4130,218750.37902371585
4131,376630.60699515045
4132,391066.67606948316
4133,470943.06055803597
4134,1119105.3886021525
4135,911570.1478134841
4136,1062155.1482709497
4137,472104.4298183173
4138,446705.04499575496
4139,276557.94856132567
4140,615825.3624051064
4141,846900.9359136075
4142,646695.9688984454
4143,641552.2911416143
4144,542589.6572288275
4145,437494.8199646473
4146,457015.9073956013
4147,322369.5639871657
4148,413601.2718370259
4149,695423.2199212164
4150,334243.1539886147
4151,929512.2210086286
4152,519119.6382455081
4153,203350.70800046623
4154,362723.09631842375
4155,564517.3044911474
4156,292037.1012430191
4157,320225.95966652036
4158,299887.2938900292
4159,611130.4346788526
4160,784587.9978150278
4161,138326.944668293
4162,360333.0160648227
4163,442959.6080893427
4164,367594.9208664596
4165,369795.4380285889
4166,463651.79542061687
4167,546719.4794320613
4168,455194.3559768051
4169,441969.08337312937
4170,1208306.1297655106
4171,533942.5834676772
4172,527997.3430715352
4173,277405.2277228832
4174,611502.1110640615
4175,886993.9873811454
4176,424440.1434492022
4177,1685896.9891635478
4178,776114.7865479589
4179,1033157.383229062
4180,115863.64897765219
4181,722555.2213104963
4182,325210.50907190144
4183,1622842.483990267
4184,431211.6977007091
4185,202544.79668606818
4186,557332.4691889286
4187,1028747.4083159119
4188,697311.7312692851
4189,297349.7153634578
4190,477629.9495624304
4191,632830.000107348
4192,648525.7399411052
4193,509491.873230055
4194,1011137.8488792777
4195,1275853.5844489634
4196,1241697.411136359
4197,615730.7495986819
4198,729296.2389535904
4199,375353.6642187387
4200,595570.6814627945
4201,396642.417727381
4202,514979.8194269091
4203,720606.0644444078
4204,1086899.6984862238
4205,613868.1702540517
4206,738798.9001773447
4207,431429.0150285065
4208,532530.6136384755
4209,997414.7004534453
4210,580173.0619929135
4211,1118046.3098324835
4212,551637.4067040235
4213,689736.7289796919
4214,721611.7220562845
4215,1405989.01432015
4216,2041345.9928921014
4217,314823.9011781961
4218,571397.6020727903
4219,479623.3512068689
4220,361116.7354449034
4221,570564.350088805
4222,228563.0137246251
4223,503137.3578508347
4224,1987652.4981869012
4225,922082.4806711078
4226,447567.8962532431
4227,392885.3699013442
4228,572877.1157311052
4229,414558.64264154434
4230,1298970.7576075047
4231,1373910.46558775
4232,296202.1936985254
4233,544512.4172324687
4234,967248.1908747554
4235,1206295.2421565354
4236,188213.8344618678
4237,522201.3184013814
4238,569026.3224781454
4239,776833.9184580743
4240,1744408.3050873429
4241,199483.51028314233
4242,1263774.0191375315
4243,953044.6980744153
4244,537438.078346476
4245,290350.0837074816
4246,288202.0292003751
4247,400552.0021763444
4248,258636.25859166682
4249,447464.2916370928
4250,1282312.132099837
4251,388855.68871566653
4252,718497.9192036092
4253,449042.06180517375
4254,544743.5799027681
4255,262468.81220138073
4256,569528.9030690938
4257,345076.6285701096
4258,577750.5416830927
4259,311918.01267690957
4260,220221.7769753486
4261,1255888.3550991714
4262,609836.8065883517
4263,412139.1059742123
4264,471507.807015121
4265,475718.50614257157
4266,483328.39810584486
4267,685576.5264360309
4268,588424.0074738264
4269,317897.0889083296
4270,736038.4105362296
4271,1107347.9280233532
4272,644507.5858625323
4273,411251.5420900285
4274,600288.0169418156
4275,294173.0351201147
4276,723357.5018899888
4277,661224.5288338363
4278,1355811.3841174394
4279,352601.29145775735
4280,311190.4462440908
4281,599867.9254926443
4282,239203.61454373598
4283,806512.6368132234
4284,605216.8026789874
4285,516201.91713668406
4286,2162407.3714592606
4287,602271.3658178747
4288,308704.83307386935
4289,930025.3200556189
4290,647427.9805522412
4291,676098.4079464972
4292,515700.0593204051
4293,589634.371716246
4294,261610.8980783224
4295,228987.5645225346
4296,513968.9766214192
4297,394356.9147592783
4298,453477.1820458174
4299,456805.2004290223
4300,1302429.5881799608
4301,536207.25950706
4302,504417.37038594484
4303,1191859.1687452495
4304,393603.4564066678
4305,545989.7819902152
4306,723708.843919754
4307,1146933.9828621447
4308,698847.247852549
4309,1016362.4203283936
4310,1927043.2759729773
4311,430087.7893393934
4312,130779.0705332905
4313,456991.80175063014
4314,448416.4987138659
4315,580766.3877656162
4316,855275.1770460755
4317,367736.67516611516
4318,411758.97814513743
4319,544897.0016116202
4320,347867.36083620787
4321,454350.1441190094
4322,354604.25734488666
